Workbook
Name FRUTAS: PACIENTES!$A$4:$D$34
Name salidanutricion: 'NUTRICIÓN CLÍNICA'!$A$4:$D$14

Sheet GENERAL
B1: DESCRIPCIÓN | C1: UNIDAD DE MEDIDA | D1: 1 | E1: 2 | F1: 3 | G1: 4 | H1: 5 | I1: 6 | J1: 7 | K1: 8 | L1: 9 | M1: 10 | N1: 11 | O1: 12 | P1: 13 | Q1: 14 | R1: 15 | S1: 16 | T1: 17 | U1: 18 | V1: 19 | W1: 20 | X1: 21 | Y1: 22 | Z1: 23 | AA1: 24 | AB1: 25 | AC1: 26 | AD1: 27 | AE1: 28 | AF1: 29 | AG1: 30 | AH1: 31 | AI1: TOTAL
A3: GRUPO DE ALIMENTO: FRUTA
A4: 2212004001 | B4: CIRUELA ROJA | C4: KG | D4: =SUM(PACIENTES!D4+COMEDOR!D4+JORNADA!N4+'DIETOLOGÍA(S)'!D4) -> 0 | E4: =SUM(PACIENTES!E4+COMEDOR!E4+JORNADA!E4+'DIETOLOGÍA(S)'!E4) -> 0 | F4: =SUM(PACIENTES!F4+COMEDOR!F4+JORNADA!F4+'DIETOLOGÍA(S)'!F4) -> 0 | G4: =SUM(PACIENTES!G4+COMEDOR!G4+JORNADA!G4+'DIETOLOGÍA(S)'!G4) -> 0 | H4: =SUM(PACIENTES!H4+COMEDOR!H4+JORNADA!H4+'DIETOLOGÍA(S)'!H4) -> 0 | I4: =SUM(PACIENTES!I4+COMEDOR!I4+JORNADA!I4+'DIETOLOGÍA(S)'!I4) -> 0 | J4: =SUM(PACIENTES!J4+COMEDOR!J4+JORNADA!J4+'DIETOLOGÍA(S)'!J4) -> 1 | K4: =SUM(PACIENTES!K4+COMEDOR!K4+JORNADA!K4+'DIETOLOGÍA(S)'!K4) -> 0 | L4: =SUM(PACIENTES!L4+COMEDOR!L4+JORNADA!L4+'DIETOLOGÍA(S)'!L4) -> 0 | ... AH4: =SUM(PACIENTES!AH4+COMEDOR!AH4+JORNADA!AH4+'DIETOLOGÍA(S)'!AH4) -> 0 | AI4: =SUM(D4:AH4) -> 2
A5: 2212004002 | B5: CAÑA DE AZUCAR | C5: PIEZA | D5: =SUM(PACIENTES!D5+COMEDOR!D5+JORNADA!N5+'DIETOLOGÍA(S)'!D5) -> 0 | E5: =SUM(PACIENTES!E5+COMEDOR!E5+JORNADA!E5+'DIETOLOGÍA(S)'!E5) -> 0 | F5: =SUM(PACIENTES!F5+COMEDOR!F5+JORNADA!F5+'DIETOLOGÍA(S)'!F5) -> 0 | G5: =SUM(PACIENTES!G5+COMEDOR!G5+JORNADA!G5+'DIETOLOGÍA(S)'!G5) -> 0 | H5: =SUM(PACIENTES!H5+COMEDOR!H5+JORNADA!H5+'DIETOLOGÍA(S)'!H5) -> 0 | I5: =SUM(PACIENTES!I5+COMEDOR!I5+JORNADA!I5+'DIETOLOGÍA(S)'!I5) -> 0 | J5: =SUM(PACIENTES!J5+COMEDOR!J5+JORNADA!J5+'DIETOLOGÍA(S)'!J5) -> 0 | K5: =SUM(PACIENTES!K5+COMEDOR!K5+JORNADA!K5+'DIETOLOGÍA(S)'!K5) -> 0 | L5: =SUM(PACIENTES!L5+COMEDOR!L5+JORNADA!L5+'DIETOLOGÍA(S)'!L5) -> 0 | ... AH5: =SUM(PACIENTES!AH5+COMEDOR!AH5+JORNADA!AH5+'DIETOLOGÍA(S)'!AH5) -> 0 | AI5: =SUM(D5:AH5) -> 0
A6: 2212004003 | B6: CIRUELA AMARILLA | C6: KG | D6: =SUM(PACIENTES!D6+COMEDOR!D6+JORNADA!D6+'DIETOLOGÍA(S)'!D6) -> 0 | E6: =SUM(PACIENTES!E6+COMEDOR!E6+JORNADA!E6+'DIETOLOGÍA(S)'!E6) -> 0 | F6: =SUM(PACIENTES!F7+COMEDOR!F7+JORNADA!F7+'DIETOLOGÍA(S)'!F7) -> 0 | G6: =SUM(PACIENTES!G6+COMEDOR!G6+JORNADA!G6+'DIETOLOGÍA(S)'!G6) -> 0 | H6: =SUM(PACIENTES!H6+COMEDOR!H6+JORNADA!H6+'DIETOLOGÍA(S)'!H6) -> 0 | I6: =SUM(PACIENTES!I6+COMEDOR!I6+JORNADA!I6+'DIETOLOGÍA(S)'!I6) -> 0 | J6: =SUM(PACIENTES!J6+COMEDOR!J6+JORNADA!J6+'DIETOLOGÍA(S)'!J6) -> 0 | K6: =SUM(PACIENTES!K6+COMEDOR!K6+JORNADA!K6+'DIETOLOGÍA(S)'!K6) -> 0 | L6: =SUM(PACIENTES!L6+COMEDOR!L6+JORNADA!L6+'DIETOLOGÍA(S)'!L6) -> 0 | M6: =SUM(PACIENTES!M6+COMEDOR!M6+JORNADA!M6+'DIETOLOGÍA(S)'!M6) -> 0 | N6: =SUM(PACIENTES!N6+COMEDOR!N6+JORNADA!N6+'DIETOLOGÍA(S)'!N6) -> 0 | ... AH6: =SUM(PACIENTES!AH6+COMEDOR!AH6+JORNADA!AH6+'DIETOLOGÍA(S)'!AH6) -> 0 | AI6: =SUM(D6:AH6) -> 0
A7: 2212004004 | B7: DURAZNO | C7: KG | D7: =SUM(PACIENTES!D7+COMEDOR!D7+JORNADA!D7+'DIETOLOGÍA(S)'!D7) -> 30 | E7: =SUM(PACIENTES!E7+COMEDOR!E7+JORNADA!E7+'DIETOLOGÍA(S)'!E7) -> 70 | F7: =SUM(PACIENTES!F7+COMEDOR!F7+JORNADA!F7+'DIETOLOGÍA(S)'!F7) -> 0 | G7: =SUM(PACIENTES!G7+COMEDOR!G7+JORNADA!G7+'DIETOLOGÍA(S)'!G7) -> 40 | H7: =SUM(PACIENTES!H7+COMEDOR!H7+JORNADA!H7+'DIETOLOGÍA(S)'!H7) -> 0 | I7: =SUM(PACIENTES!I7+COMEDOR!I7+JORNADA!I7+'DIETOLOGÍA(S)'!I7) -> 2 | J7: =SUM(PACIENTES!J7+COMEDOR!J7+JORNADA!J7+'DIETOLOGÍA(S)'!J7) -> 1 | K7: =SUM(PACIENTES!K7+COMEDOR!K7+JORNADA!K7+'DIETOLOGÍA(S)'!K7) -> 0 | ... AH7: =SUM(PACIENTES!AH7+COMEDOR!AH7+JORNADA!AH7+'DIETOLOGÍA(S)'!AH7) -> 0 | AI7: =SUM(D7:AH7) -> 267
A8: 2212004005 | B8: FRESA | C8: KG | D8: =SUM(PACIENTES!D8+COMEDOR!D8+JORNADA!D8+'DIETOLOGÍA(S)'!D8) -> 0 | E8: =SUM(PACIENTES!E8+COMEDOR!E8+JORNADA!E8+'DIETOLOGÍA(S)'!E8) -> 0 | F8: =SUM(PACIENTES!F8+COMEDOR!F8+JORNADA!F8+'DIETOLOGÍA(S)'!F8) -> 0 | G8: =SUM(PACIENTES!G8+COMEDOR!G8+JORNADA!G8+'DIETOLOGÍA(S)'!G8) -> 0 | H8: =SUM(PACIENTES!H8+COMEDOR!H8+JORNADA!H8+'DIETOLOGÍA(S)'!H8) -> 0 | I8: =SUM(PACIENTES!I8+COMEDOR!I8+JORNADA!I8+'DIETOLOGÍA(S)'!I8) -> 1 | J8: =SUM(PACIENTES!J8+COMEDOR!J8+JORNADA!J8+'DIETOLOGÍA(S)'!J8) -> 1 | K8: =SUM(PACIENTES!K8+COMEDOR!K8+JORNADA!K8+'DIETOLOGÍA(S)'!K8) -> 0 | ... AH8: =SUM(PACIENTES!AH8+COMEDOR!AH8+JORNADA!AH8+'DIETOLOGÍA(S)'!AH8) -> 0 | AI8: =SUM(D8:AH8) -> 11
A9: 2212004006 | B9: GUAYABA | C9: KG | D9: =SUM(PACIENTES!D9+COMEDOR!D9+JORNADA!D9+'DIETOLOGÍA(S)'!D9) -> 0 | E9: =SUM(PACIENTES!E9+COMEDOR!E9+JORNADA!E9+'DIETOLOGÍA(S)'!E9) -> 30 | F9: =SUM(PACIENTES!F9+COMEDOR!F9+JORNADA!F9+'DIETOLOGÍA(S)'!F9) -> 25 | G9: =SUM(PACIENTES!G9+COMEDOR!G9+JORNADA!G9+'DIETOLOGÍA(S)'!G9) -> 0 | H9: =SUM(PACIENTES!H9+COMEDOR!H9+JORNADA!H9+'DIETOLOGÍA(S)'!H9) -> 30 | I9: =SUM(PACIENTES!I9+COMEDOR!I9+JORNADA!I9+'DIETOLOGÍA(S)'!I9) -> 0 | J9: =SUM(PACIENTES!J9+COMEDOR!J9+JORNADA!J9+'DIETOLOGÍA(S)'!J9) -> 1 | K9: =SUM(PACIENTES!K9+COMEDOR!K9+JORNADA!K9+'DIETOLOGÍA(S)'!K9) -> 0 | ... AH9: =SUM(PACIENTES!AH9+COMEDOR!AH9+JORNADA!AH9+'DIETOLOGÍA(S)'!AH9) -> 0 | AI9: =SUM(D9:AH9) -> 359
A10: 2212004007 | B10: JICAMA | C10: KG | D10: =SUM(PACIENTES!D10+COMEDOR!D10+JORNADA!D10+'DIETOLOGÍA(S)'!D10) -> 0 | E10: =SUM(PACIENTES!E10+COMEDOR!E10+JORNADA!E10+'DIETOLOGÍA(S)'!E10) -> 0 | F10: =SUM(PACIENTES!F10+COMEDOR!F10+JORNADA!F10+'DIETOLOGÍA(S)'!F10) -> 0 | G10: =SUM(PACIENTES!G10+COMEDOR!G10+JORNADA!G10+'DIETOLOGÍA(S)'!G10) -> 0 | H10: =SUM(PACIENTES!H10+COMEDOR!H10+JORNADA!H10+'DIETOLOGÍA(S)'!H10) -> 0 | I10: =SUM(PACIENTES!I10+COMEDOR!I10+JORNADA!I10+'DIETOLOGÍA(S)'!I10) -> 2 | J10: =SUM(PACIENTES!J10+COMEDOR!J10+JORNADA!J10+'DIETOLOGÍA(S)'!J10) -> 2 | K10: =SUM(PACIENTES!K10+COMEDOR!K10+JORNADA!K10+'DIETOLOGÍA(S)'!K10) -> 0 | ... AH10: =SUM(PACIENTES!AH10+COMEDOR!AH10+JORNADA!AH10+'DIETOLOGÍA(S)'!AH10) -> 0 | AI10: =SUM(D10:AH10) -> 16
A11: 2212004008 | B11: LIMA | C11: KG | D11: =SUM(PACIENTES!D11+COMEDOR!D11+JORNADA!D11+'DIETOLOGÍA(S)'!D11) -> 0 | E11: =SUM(PACIENTES!E11+COMEDOR!E11+JORNADA!E11+'DIETOLOGÍA(S)'!E11) -> 0 | F11: =SUM(PACIENTES!F11+COMEDOR!F11+JORNADA!F11+'DIETOLOGÍA(S)'!F11) -> 0 | G11: =SUM(PACIENTES!G11+COMEDOR!G11+JORNADA!G11+'DIETOLOGÍA(S)'!G11) -> 0 | H11: =SUM(PACIENTES!H11+COMEDOR!H11+JORNADA!H11+'DIETOLOGÍA(S)'!H11) -> 0 | I11: =SUM(PACIENTES!I11+COMEDOR!I11+JORNADA!I11+'DIETOLOGÍA(S)'!I11) -> 0 | J11: =SUM(PACIENTES!J11+COMEDOR!J11+JORNADA!J11+'DIETOLOGÍA(S)'!J11) -> 0 | K11: =SUM(PACIENTES!K11+COMEDOR!K11+JORNADA!K11+'DIETOLOGÍA(S)'!K11) -> 0 | ... AH11: =SUM(PACIENTES!AH11+COMEDOR!AH11+JORNADA!AH11+'DIETOLOGÍA(S)'!AH11) -> 0 | AI11: =SUM(D11:AH11) -> 0
A12: 2212004009 | B12: MANDARINA | C12: KG | D12: =SUM(PACIENTES!D12+COMEDOR!D12+JORNADA!D12+'DIETOLOGÍA(S)'!D12) -> 0 | E12: =SUM(PACIENTES!E12+COMEDOR!E12+JORNADA!E12+'DIETOLOGÍA(S)'!E12) -> 0 | F12: =SUM(PACIENTES!F12+COMEDOR!F12+JORNADA!F12+'DIETOLOGÍA(S)'!F12) -> 0 | G12: =SUM(PACIENTES!G12+COMEDOR!G12+JORNADA!G12+'DIETOLOGÍA(S)'!G12) -> 0 | H12: =SUM(PACIENTES!H12+COMEDOR!H12+JORNADA!H12+'DIETOLOGÍA(S)'!H12) -> 0 | I12: =SUM(PACIENTES!I12+COMEDOR!I12+JORNADA!I12+'DIETOLOGÍA(S)'!I12) -> 0 | J12: =SUM(PACIENTES!J12+COMEDOR!J12+JORNADA!J12+'DIETOLOGÍA(S)'!J12) -> 2 | K12: =SUM(PACIENTES!K12+COMEDOR!K12+JORNADA!K12+'DIETOLOGÍA(S)'!K12) -> 0 | ... AH12: =SUM(PACIENTES!AH12+COMEDOR!AH12+JORNADA!AH12+'DIETOLOGÍA(S)'!AH12) -> 0 | AI12: =SUM(D12:AH12) -> 8
A13: 2212004011 | B13: MANZANA DELICIA | C13: KG | D13: =SUM(PACIENTES!D13+COMEDOR!D13+JORNADA!D13+'DIETOLOGÍA(S)'!D13+'NUTRICIÓN CLÍNICA'!D4) -> 27 | E13: =SUM(PACIENTES!E13+COMEDOR!E13+JORNADA!E13+'DIETOLOGÍA(S)'!E13+'NUTRICIÓN CLÍNICA'!E4) -> 42 | F13: =SUM(PACIENTES!F13+COMEDOR!F13+JORNADA!F13+'DIETOLOGÍA(S)'!F13+'NUTRICIÓN CLÍNICA'!F4) -> 79 | G13: =SUM(PACIENTES!G13+COMEDOR!G13+JORNADA!G13+'DIETOLOGÍA(S)'!G13+'NUTRICIÓN CLÍNICA'!G4) -> 69 | H13: =SUM(PACIENTES!H13+COMEDOR!H13+JORNADA!H13+'DIETOLOGÍA(S)'!H13+'NUTRICIÓN CLÍNICA'!H4) -> 64 | I13: =SUM(PACIENTES!I13+COMEDOR!I13+JORNADA!I13+'DIETOLOGÍA(S)'!I13+'NUTRICIÓN CLÍNICA'!I4) -> 36 | J13: =SUM(PACIENTES!J13+COMEDOR!J13+JORNADA!J13+'DIETOLOGÍA(S)'!J13+'NUTRICIÓN CLÍNICA'!J4) -> 8 | K13: =SUM(PACIENTES!K13+COMEDOR!K13+JORNADA!K13+'DIETOLOGÍA(S)'!K13+'NUTRICIÓN CLÍNICA'!K4) -> 59 | ... AH13: =SUM(PACIENTES!AH13+COMEDOR!AH13+JORNADA!AH13+'DIETOLOGÍA(S)'!AH13+'NUTRICIÓN CLÍNICA'!AH4) -> 4 | AI13: =SUM(D13:AH13) -> 1281
A14: 2212004012 | B14: MANZANA GOLDEN | C14: KG | D14: =SUM(PACIENTES!D14+COMEDOR!D14+JORNADA!D14+'DIETOLOGÍA(S)'!D14) -> 15 | E14: =SUM(PACIENTES!E14+COMEDOR!E14+JORNADA!E14+'DIETOLOGÍA(S)'!E14) -> 15 | F14: =SUM(PACIENTES!F14+COMEDOR!F14+JORNADA!F14+'DIETOLOGÍA(S)'!F14) -> 0 | G14: =SUM(PACIENTES!G14+COMEDOR!G14+JORNADA!G14+'DIETOLOGÍA(S)'!G14) -> 0 | H14: =SUM(PACIENTES!H14+COMEDOR!H14+JORNADA!H14+'DIETOLOGÍA(S)'!H14) -> 15 | I14: =SUM(PACIENTES!I14+COMEDOR!I14+JORNADA!I14+'DIETOLOGÍA(S)'!I14) -> 60 | J14: =SUM(PACIENTES!J14+COMEDOR!J14+JORNADA!J14+'DIETOLOGÍA(S)'!J14) -> 64 | K14: =SUM(PACIENTES!K14+COMEDOR!K14+JORNADA!K14+'DIETOLOGÍA(S)'!K14) -> 15 | ... AH14: =SUM(PACIENTES!AH14+COMEDOR!AH14+JORNADA!AH14+'DIETOLOGÍA(S)'!AH14) -> 70 | AI14: =SUM(D14:AH14) -> 1261
A15: 2212004013 | B15: MELON CANTALUP | C15: KG | D15: =SUM(PACIENTES!D15+COMEDOR!D15+JORNADA!D15+'DIETOLOGÍA(S)'!D15) -> 50 | E15: =SUM(PACIENTES!E15+COMEDOR!E15+JORNADA!E15+'DIETOLOGÍA(S)'!E15) -> 0 | F15: =SUM(PACIENTES!F15+COMEDOR!F15+JORNADA!F15+'DIETOLOGÍA(S)'!F15) -> 0 | G15: =SUM(PACIENTES!G15+COMEDOR!G15+JORNADA!G15+'DIETOLOGÍA(S)'!G15) -> 70 | H15: =SUM(PACIENTES!H15+COMEDOR!H15+JORNADA!H15+'DIETOLOGÍA(S)'!H15) -> 50 | I15: =SUM(PACIENTES!I15+COMEDOR!I15+JORNADA!I15+'DIETOLOGÍA(S)'!I15) -> 2 | J15: =SUM(PACIENTES!J15+COMEDOR!J15+JORNADA!J15+'DIETOLOGÍA(S)'!J15) -> 2 | K15: =SUM(PACIENTES!K15+COMEDOR!K15+JORNADA!K15+'DIETOLOGÍA(S)'!K15) -> 0 | ... AH15: =SUM(PACIENTES!AH15+COMEDOR!AH15+JORNADA!AH15+'DIETOLOGÍA(S)'!AH15) -> 30 | AI15: =SUM(D15:AH15) -> 482
A16: 2212004014 | B16: NARANJA | C16: KG | D16: =SUM(PACIENTES!D16+COMEDOR!D16+JORNADA!D16+'DIETOLOGÍA(S)'!D16) -> 0 | E16: =SUM(PACIENTES!E16+COMEDOR!E16+JORNADA!E16+'DIETOLOGÍA(S)'!E16) -> 0 | F16: =SUM(PACIENTES!F16+COMEDOR!F16+JORNADA!F16+'DIETOLOGÍA(S)'!F16) -> 0 | G16: =SUM(PACIENTES!G16+COMEDOR!G16+JORNADA!G16+'DIETOLOGÍA(S)'!G16) -> 0 | H16: =SUM(PACIENTES!H16+COMEDOR!H16+JORNADA!H16+'DIETOLOGÍA(S)'!H16) -> 35 | I16: =SUM(PACIENTES!I16+COMEDOR!I16+JORNADA!I16+'DIETOLOGÍA(S)'!I16) -> 1 | J16: =SUM(PACIENTES!J16+COMEDOR!J16+JORNADA!J16+'DIETOLOGÍA(S)'!J16) -> 7 | K16: =SUM(PACIENTES!K16+COMEDOR!K16+JORNADA!K16+'DIETOLOGÍA(S)'!K16) -> 0 | ... AH16: =SUM(PACIENTES!AH16+COMEDOR!AH16+JORNADA!AH16+'DIETOLOGÍA(S)'!AH16) -> 0 | AI16: =SUM(D16:AH16) -> 242
A17: 2212004015 | B17: PAPAYA | C17: KG | D17: =SUM(PACIENTES!D17+COMEDOR!D17+JORNADA!D17+'DIETOLOGÍA(S)'!D17) -> 44 | E17: =SUM(PACIENTES!E17+COMEDOR!E17+JORNADA!E17+'DIETOLOGÍA(S)'!E17) -> 57 | F17: =SUM(PACIENTES!F17+COMEDOR!F17+JORNADA!F17+'DIETOLOGÍA(S)'!F17) -> 50 | G17: =SUM(PACIENTES!G17+COMEDOR!G17+JORNADA!G17+'DIETOLOGÍA(S)'!G17) -> 0 | H17: =SUM(PACIENTES!H17+COMEDOR!H17+JORNADA!H17+'DIETOLOGÍA(S)'!H17) -> 44 | I17: =SUM(PACIENTES!I17+COMEDOR!I17+JORNADA!I17+'DIETOLOGÍA(S)'!I17) -> 54 | J17: =SUM(PACIENTES!J17+COMEDOR!J17+JORNADA!J17+'DIETOLOGÍA(S)'!J17) -> 59 | K17: =SUM(PACIENTES!K17+COMEDOR!K17+JORNADA!K17+'DIETOLOGÍA(S)'!K17) -> 44 | ... AH17: =SUM(PACIENTES!AH17+COMEDOR!AH17+JORNADA!AH17+'DIETOLOGÍA(S)'!AH17) -> 60 | AI17: =SUM(D17:AH17) -> 1486
A18: 2212004016 | B18: PERA | C18: KG | D18: =SUM(PACIENTES!D18+COMEDOR!D18+JORNADA!D18+'DIETOLOGÍA(S)'!D18) -> 0 | E18: =SUM(PACIENTES!E18+COMEDOR!E18+JORNADA!E18+'DIETOLOGÍA(S)'!E18) -> 0 | F18: =SUM(PACIENTES!F18+COMEDOR!F18+JORNADA!F18+'DIETOLOGÍA(S)'!F18) -> 0 | G18: =SUM(PACIENTES!G18+COMEDOR!G18+JORNADA!G18+'DIETOLOGÍA(S)'!G18) -> 60 | H18: =SUM(PACIENTES!H18+COMEDOR!H18+JORNADA!H18+'DIETOLOGÍA(S)'!H18) -> 0 | I18: =SUM(PACIENTES!I18+COMEDOR!I18+JORNADA!I18+'DIETOLOGÍA(S)'!I18) -> 0 | J18: =SUM(PACIENTES!J18+COMEDOR!J18+JORNADA!J18+'DIETOLOGÍA(S)'!J18) -> 0 | K18: =SUM(PACIENTES!K18+COMEDOR!K18+JORNADA!K18+'DIETOLOGÍA(S)'!K18) -> 0 | ... AH18: =SUM(PACIENTES!AH18+COMEDOR!AH18+JORNADA!AH18+'DIETOLOGÍA(S)'!AH18) -> 50 | AI18: =SUM(D18:AH18) -> 325
A19: 2212004017 | B19: PERA MANTEQUILLA | C19: KG | D19: =SUM(PACIENTES!D19+COMEDOR!D19+JORNADA!D19+'DIETOLOGÍA(S)'!D19) -> 65 | E19: =SUM(PACIENTES!E19+COMEDOR!E19+JORNADA!E19+'DIETOLOGÍA(S)'!E19) -> 30 | F19: =SUM(PACIENTES!F19+COMEDOR!F19+JORNADA!F19+'DIETOLOGÍA(S)'!F19) -> 30 | G19: =SUM(PACIENTES!G19+COMEDOR!G19+JORNADA!G19+'DIETOLOGÍA(S)'!G19) -> 0 | H19: =SUM(PACIENTES!H19+COMEDOR!H19+JORNADA!H19+'DIETOLOGÍA(S)'!H19) -> 55 | I19: =SUM(PACIENTES!I19+COMEDOR!I19+JORNADA!I19+'DIETOLOGÍA(S)'!I19) -> 46 | J19: =SUM(PACIENTES!J19+COMEDOR!J19+JORNADA!J19+'DIETOLOGÍA(S)'!J19) -> 77 | K19: =SUM(PACIENTES!K19+COMEDOR!K19+JORNADA!K19+'DIETOLOGÍA(S)'!K19) -> 80 | ... AH19: =SUM(PACIENTES!AH19+COMEDOR!AH19+JORNADA!AH19+'DIETOLOGÍA(S)'!AH19) -> 20 | AI19: =SUM(D19:AH19) -> 1508
A20: 2212004018 | B20: PIÑA | C20: KG | D20: =SUM(PACIENTES!D20+COMEDOR!D20+JORNADA!D20+'DIETOLOGÍA(S)'!D20) -> 86 | E20: =SUM(PACIENTES!E20+COMEDOR!E20+JORNADA!E20+'DIETOLOGÍA(S)'!E20) -> 52 | F20: =SUM(PACIENTES!F20+COMEDOR!F20+JORNADA!F20+'DIETOLOGÍA(S)'!F20) -> 40 | G20: =SUM(PACIENTES!G20+COMEDOR!G20+JORNADA!G20+'DIETOLOGÍA(S)'!G20) -> 30 | H20: =SUM(PACIENTES!H20+COMEDOR!H20+JORNADA!H20+'DIETOLOGÍA(S)'!H20) -> 60 | I20: =SUM(PACIENTES!I20+COMEDOR!I20+JORNADA!I20+'DIETOLOGÍA(S)'!I20) -> 28 | J20: =SUM(PACIENTES!J20+COMEDOR!J20+JORNADA!J20+'DIETOLOGÍA(S)'!J20) -> 30 | K20: =SUM(PACIENTES!K20+COMEDOR!K20+JORNADA!K20+'DIETOLOGÍA(S)'!K20) -> 0 | ... AH20: =SUM(PACIENTES!AH20+COMEDOR!AH20+JORNADA!AH20+'DIETOLOGÍA(S)'!AH20) -> 30 | AI20: =SUM(D20:AH20) -> 1028
A21: 2212004019 | B21: PLATANO MACHO | C21: KG | D21: =SUM(PACIENTES!D21+COMEDOR!D21+JORNADA!D21+'DIETOLOGÍA(S)'!D21) -> 0 | E21: =SUM(PACIENTES!E21+COMEDOR!E21+JORNADA!E21+'DIETOLOGÍA(S)'!E21) -> 0 | F21: =SUM(PACIENTES!F21+COMEDOR!F21+JORNADA!F21+'DIETOLOGÍA(S)'!F21) -> 0 | G21: =SUM(PACIENTES!G21+COMEDOR!G21+JORNADA!G21+'DIETOLOGÍA(S)'!G21) -> 0 | H21: =SUM(PACIENTES!H21+COMEDOR!H21+JORNADA!H21+'DIETOLOGÍA(S)'!H21) -> 0 | I21: =SUM(PACIENTES!I21+COMEDOR!I21+JORNADA!I21+'DIETOLOGÍA(S)'!I21) -> 0 | J21: =SUM(PACIENTES!J21+COMEDOR!J21+JORNADA!J21+'DIETOLOGÍA(S)'!J21) -> 2 | K21: =SUM(PACIENTES!K21+COMEDOR!K21+JORNADA!K21+'DIETOLOGÍA(S)'!K21) -> 30 | ... AH21: =SUM(PACIENTES!AH21+COMEDOR!AH21+JORNADA!AH21+'DIETOLOGÍA(S)'!AH21) -> 0 | AI21: =SUM(D21:AH21) -> 154
A22: 2212004020 | B22: PLATANO ROATAN | C22: KG | D22: =SUM(PACIENTES!D22+COMEDOR!D22+JORNADA!D22+'DIETOLOGÍA(S)'!D22+'NUTRICIÓN CLÍNICA'!D5) -> 85 | E22: =SUM(PACIENTES!E22+COMEDOR!E22+JORNADA!E22+'DIETOLOGÍA(S)'!E22+'NUTRICIÓN CLÍNICA'!E5) -> 85 | F22: =SUM(PACIENTES!F22+COMEDOR!F22+JORNADA!F22+'DIETOLOGÍA(S)'!F22+'NUTRICIÓN CLÍNICA'!F5) -> 30 | G22: =SUM(PACIENTES!G22+COMEDOR!G22+JORNADA!G22+'DIETOLOGÍA(S)'!G22+'NUTRICIÓN CLÍNICA'!G5) -> 35 | H22: =SUM(PACIENTES!H22+COMEDOR!H22+JORNADA!H22+'DIETOLOGÍA(S)'!H22+'NUTRICIÓN CLÍNICA'!H5) -> 42 | I22: =SUM(PACIENTES!I22+COMEDOR!I22+JORNADA!I22+'DIETOLOGÍA(S)'!I22+'NUTRICIÓN CLÍNICA'!I5) -> 57 | J22: =SUM(PACIENTES!J22+COMEDOR!J22+JORNADA!J22+'DIETOLOGÍA(S)'!J22+'NUTRICIÓN CLÍNICA'!J5) -> 56 | K22: =SUM(PACIENTES!K22+COMEDOR!K22+JORNADA!K22+'DIETOLOGÍA(S)'!K22+'NUTRICIÓN CLÍNICA'!K5) -> 95 | ... AH22: =SUM(PACIENTES!AH22+COMEDOR!AH22+JORNADA!AH22+'DIETOLOGÍA(S)'!AH22+'NUTRICIÓN CLÍNICA'!AH5) -> 5 | AI22: =SUM(D22:AH22) -> 1705
A23: 2212004021 | B23: SANDIA | C23: KG | D23: =SUM(PACIENTES!D23+COMEDOR!D23+JORNADA!D23+'DIETOLOGÍA(S)'!D23) -> 0 | E23: =SUM(PACIENTES!E23+COMEDOR!E23+JORNADA!E23+'DIETOLOGÍA(S)'!E23) -> 0 | F23: =SUM(PACIENTES!F23+COMEDOR!F23+JORNADA!F23+'DIETOLOGÍA(S)'!F23) -> 0 | G23: =SUM(PACIENTES!G23+COMEDOR!G23+JORNADA!G23+'DIETOLOGÍA(S)'!G23) -> 30 | H23: =SUM(PACIENTES!H23+COMEDOR!H23+JORNADA!H23+'DIETOLOGÍA(S)'!H23) -> 0 | I23: =SUM(PACIENTES!I23+COMEDOR!I23+JORNADA!I23+'DIETOLOGÍA(S)'!I23) -> 2 | J23: =SUM(PACIENTES!J23+COMEDOR!J23+JORNADA!J23+'DIETOLOGÍA(S)'!J23) -> 2 | K23: =SUM(PACIENTES!K23+COMEDOR!K23+JORNADA!K23+'DIETOLOGÍA(S)'!K23) -> 0 | ... AH23: =SUM(PACIENTES!AH23+COMEDOR!AH23+JORNADA!AH23+'DIETOLOGÍA(S)'!AH23) -> 25 | AI23: =SUM(D23:AH23) -> 187
A24: 2212004022 | B24: TEJOCOTE | C24: KG | D24: =SUM(PACIENTES!D24+COMEDOR!D24+JORNADA!D24+'DIETOLOGÍA(S)'!D24) -> 0 | E24: =SUM(PACIENTES!E24+COMEDOR!E24+JORNADA!E24+'DIETOLOGÍA(S)'!E24) -> 0 | F24: =SUM(PACIENTES!F24+COMEDOR!F24+JORNADA!F24+'DIETOLOGÍA(S)'!F24) -> 0 | G24: =SUM(PACIENTES!G24+COMEDOR!G24+JORNADA!G24+'DIETOLOGÍA(S)'!G24) -> 0 | H24: =SUM(PACIENTES!H24+COMEDOR!H24+JORNADA!H24+'DIETOLOGÍA(S)'!H24) -> 0 | I24: =SUM(PACIENTES!I24+COMEDOR!I24+JORNADA!I24+'DIETOLOGÍA(S)'!I24) -> 0 | J24: =SUM(PACIENTES!J24+COMEDOR!J24+JORNADA!J24+'DIETOLOGÍA(S)'!J24) -> 0 | K24: =SUM(PACIENTES!K24+COMEDOR!K24+JORNADA!K24+'DIETOLOGÍA(S)'!K24) -> 0 | ... AH24: =SUM(PACIENTES!AH24+COMEDOR!AH24+JORNADA!AH24+'DIETOLOGÍA(S)'!AH24) -> 0 | AI24: =SUM(D24:AH24) -> 0
A25: 2212004023 | B25: TORONJA | C25: KG | D25: =SUM(PACIENTES!D25+COMEDOR!D25+JORNADA!D25+'DIETOLOGÍA(S)'!D25) -> 0 | E25: =SUM(PACIENTES!E25+COMEDOR!E25+JORNADA!E25+'DIETOLOGÍA(S)'!E25) -> 0 | F25: =SUM(PACIENTES!F25+COMEDOR!F25+JORNADA!F25+'DIETOLOGÍA(S)'!F25) -> 0 | G25: =SUM(PACIENTES!G25+COMEDOR!G25+JORNADA!G25+'DIETOLOGÍA(S)'!G25) -> 0 | H25: =SUM(PACIENTES!H25+COMEDOR!H25+JORNADA!H25+'DIETOLOGÍA(S)'!H25) -> 0 | I25: =SUM(PACIENTES!I25+COMEDOR!I25+JORNADA!I25+'DIETOLOGÍA(S)'!I25) -> 0 | J25: =SUM(PACIENTES!J25+COMEDOR!J25+JORNADA!J25+'DIETOLOGÍA(S)'!J25) -> 3 | K25: =SUM(PACIENTES!K25+COMEDOR!K25+JORNADA!K25+'DIETOLOGÍA(S)'!K25) -> 0 | ... AH25: =SUM(PACIENTES!AH25+COMEDOR!AH25+JORNADA!AH25+'DIETOLOGÍA(S)'!AH25) -> 0 | AI25: =SUM(D25:AH25) -> 12
A26: 2212004025 | B26: MANGO PETACON | C26: KG | D26: =SUM(PACIENTES!D26+COMEDOR!D26+JORNADA!D26+'DIETOLOGÍA(S)'!D26) -> 0 | E26: =SUM(PACIENTES!E26+COMEDOR!E26+JORNADA!E26+'DIETOLOGÍA(S)'!E26) -> 0 | F26: =SUM(PACIENTES!F26+COMEDOR!F26+JORNADA!F26+'DIETOLOGÍA(S)'!F26) -> 0 | G26: =SUM(PACIENTES!G26+COMEDOR!G26+JORNADA!G26+'DIETOLOGÍA(S)'!G26) -> 0 | H26: =SUM(PACIENTES!H26+COMEDOR!H26+JORNADA!H26+'DIETOLOGÍA(S)'!H26) -> 0 | I26: =SUM(PACIENTES!I26+COMEDOR!I26+JORNADA!I26+'DIETOLOGÍA(S)'!I26) -> 0 | J26: =SUM(PACIENTES!J26+COMEDOR!J26+JORNADA!J26+'DIETOLOGÍA(S)'!J26) -> 0 | K26: =SUM(PACIENTES!K26+COMEDOR!K26+JORNADA!K26+'DIETOLOGÍA(S)'!K26) -> 0 | ... AH26: =SUM(PACIENTES!AH26+COMEDOR!AH26+JORNADA!AH26+'DIETOLOGÍA(S)'!AH26) -> 0 | AI26: =SUM(D26:AH26) -> 0
A27: 2212004028 | B27: PLATANO DOMINICO | C27: KG | D27: =SUM(PACIENTES!D27+COMEDOR!D27+JORNADA!D27+'DIETOLOGÍA(S)'!D27) -> 0 | E27: =SUM(PACIENTES!E27+COMEDOR!E27+JORNADA!E27+'DIETOLOGÍA(S)'!E27) -> 0 | F27: =SUM(PACIENTES!F27+COMEDOR!F27+JORNADA!F27+'DIETOLOGÍA(S)'!F27) -> 0 | G27: =SUM(PACIENTES!G27+COMEDOR!G27+JORNADA!G27+'DIETOLOGÍA(S)'!G27) -> 0 | H27: =SUM(PACIENTES!H27+COMEDOR!H27+JORNADA!H27+'DIETOLOGÍA(S)'!H27) -> 0 | I27: =SUM(PACIENTES!I27+COMEDOR!I27+JORNADA!I27+'DIETOLOGÍA(S)'!I27) -> 2 | J27: =SUM(PACIENTES!J27+COMEDOR!J27+JORNADA!J27+'DIETOLOGÍA(S)'!J27) -> 1 | K27: =SUM(PACIENTES!K27+COMEDOR!K27+JORNADA!K27+'DIETOLOGÍA(S)'!K27) -> 0 | ... AH27: =SUM(PACIENTES!AH27+COMEDOR!AH27+JORNADA!AH27+'DIETOLOGÍA(S)'!AH27) -> 0 | AI27: =SUM(D27:AH27) -> 12
A28: 2212004029 | B28: UVA GLOBO | C28: KG | D28: =SUM(PACIENTES!D28+COMEDOR!D28+JORNADA!D28+'DIETOLOGÍA(S)'!D28) -> 0 | E28: =SUM(PACIENTES!E28+COMEDOR!E28+JORNADA!E28+'DIETOLOGÍA(S)'!E28) -> 0 | F28: =SUM(PACIENTES!F28+COMEDOR!F28+JORNADA!F28+'DIETOLOGÍA(S)'!F28) -> 0 | G28: =SUM(PACIENTES!G28+COMEDOR!G28+JORNADA!G28+'DIETOLOGÍA(S)'!G28) -> 30 | H28: =SUM(PACIENTES!H28+COMEDOR!H28+JORNADA!H28+'DIETOLOGÍA(S)'!H28) -> 0 | I28: =SUM(PACIENTES!I28+COMEDOR!I28+JORNADA!I28+'DIETOLOGÍA(S)'!I28) -> 28 | J28: =SUM(PACIENTES!J28+COMEDOR!J28+JORNADA!J28+'DIETOLOGÍA(S)'!J28) -> 28 | K28: =SUM(PACIENTES!K28+COMEDOR!K28+JORNADA!K28+'DIETOLOGÍA(S)'!K28) -> 0 | ... AH28: =SUM(PACIENTES!AH28+COMEDOR!AH28+JORNADA!AH28+'DIETOLOGÍA(S)'!AH28) -> 30 | AI28: =SUM(D28:AH28) -> 321
A29: 2212004030 | B29: UVA VERDE | C29: KG | D29: =SUM(PACIENTES!D29+COMEDOR!D29+JORNADA!D29+'DIETOLOGÍA(S)'!D29) -> 0 | E29: =SUM(PACIENTES!E29+COMEDOR!E29+JORNADA!E29+'DIETOLOGÍA(S)'!E29) -> 0 | F29: =SUM(PACIENTES!F29+COMEDOR!F29+JORNADA!F29+'DIETOLOGÍA(S)'!F29) -> 0 | G29: =SUM(PACIENTES!G29+COMEDOR!G29+JORNADA!G29+'DIETOLOGÍA(S)'!G29) -> 0 | H29: =SUM(PACIENTES!H29+COMEDOR!H29+JORNADA!H29+'DIETOLOGÍA(S)'!H29) -> 0 | I29: =SUM(PACIENTES!I29+COMEDOR!I29+JORNADA!I29+'DIETOLOGÍA(S)'!I29) -> 22 | J29: =SUM(PACIENTES!J29+COMEDOR!J29+JORNADA!J29+'DIETOLOGÍA(S)'!J29) -> 20 | K29: =SUM(PACIENTES!K29+COMEDOR!K29+JORNADA!K29+'DIETOLOGÍA(S)'!K29) -> 27 | ... AH29: =SUM(PACIENTES!AH29+COMEDOR!AH29+JORNADA!AH29+'DIETOLOGÍA(S)'!AH29) -> 0 | AI29: =SUM(D29:AH29) -> 223
A30: 2212004031 | B30: MANGO BARRANQUEÑO | C30: KG | D30: =SUM(PACIENTES!D30+COMEDOR!D30+JORNADA!D30+'DIETOLOGÍA(S)'!D30) -> 0 | E30: =SUM(PACIENTES!E30+COMEDOR!E30+JORNADA!E30+'DIETOLOGÍA(S)'!E30) -> 0 | F30: =SUM(PACIENTES!F30+COMEDOR!F30+JORNADA!F30+'DIETOLOGÍA(S)'!F30) -> 0 | G30: =SUM(PACIENTES!G30+COMEDOR!G30+JORNADA!G30+'DIETOLOGÍA(S)'!G30) -> 0 | H30: =SUM(PACIENTES!H30+COMEDOR!H30+JORNADA!H30+'DIETOLOGÍA(S)'!H30) -> 0 | I30: =SUM(PACIENTES!I30+COMEDOR!I30+JORNADA!I30+'DIETOLOGÍA(S)'!I30) -> 0 | J30: =SUM(PACIENTES!J30+COMEDOR!J30+JORNADA!J30+'DIETOLOGÍA(S)'!J30) -> 0 | K30: =SUM(PACIENTES!K30+COMEDOR!K30+JORNADA!K30+'DIETOLOGÍA(S)'!K30) -> 0 | ... AH30: =SUM(PACIENTES!AH30+COMEDOR!AH30+JORNADA!AH30+'DIETOLOGÍA(S)'!AH30) -> 0 | AI30: =SUM(D30:AH30) -> 0
A31: 2212004032 | B31: CIRUELA PASA SIN HUESO | C31: KG | D31: =SUM(PACIENTES!D31+COMEDOR!D31+JORNADA!D31+'DIETOLOGÍA(S)'!D31) -> 0 | E31: =SUM(PACIENTES!E31+COMEDOR!E31+JORNADA!E31+'DIETOLOGÍA(S)'!E31) -> 0 | F31: =SUM(PACIENTES!F31+COMEDOR!F31+JORNADA!F31+'DIETOLOGÍA(S)'!F31) -> 0 | G31: =SUM(PACIENTES!G31+COMEDOR!G31+JORNADA!G31+'DIETOLOGÍA(S)'!G31) -> 0 | H31: =SUM(PACIENTES!H31+COMEDOR!H31+JORNADA!H31+'DIETOLOGÍA(S)'!H31) -> 0 | I31: =SUM(PACIENTES!I31+COMEDOR!I31+JORNADA!I31+'DIETOLOGÍA(S)'!I31) -> 0 | J31: =SUM(PACIENTES!J31+COMEDOR!J31+JORNADA!J31+'DIETOLOGÍA(S)'!J31) -> 0 | K31: =SUM(PACIENTES!K31+COMEDOR!K31+JORNADA!K31+'DIETOLOGÍA(S)'!K31) -> 0 | ... AH31: =SUM(PACIENTES!AH31+COMEDOR!AH31+JORNADA!AH31+'DIETOLOGÍA(S)'!AH31) -> 0 | AI31: =SUM(D31:AH31) -> 2
A32: 2212004034 | B32: GRANADA ROJA | C32: KG | D32: =SUM(PACIENTES!D32+COMEDOR!D32+JORNADA!D32+'DIETOLOGÍA(S)'!D32) -> 0 | E32: =SUM(PACIENTES!E32+COMEDOR!E32+JORNADA!E32+'DIETOLOGÍA(S)'!E32) -> 0 | F32: =SUM(PACIENTES!F32+COMEDOR!F32+JORNADA!F32+'DIETOLOGÍA(S)'!F32) -> 0 | G32: =SUM(PACIENTES!G32+COMEDOR!G32+JORNADA!G32+'DIETOLOGÍA(S)'!G32) -> 0 | H32: =SUM(PACIENTES!H32+COMEDOR!H32+JORNADA!H32+'DIETOLOGÍA(S)'!H32) -> 0 | I32: =SUM(PACIENTES!I32+COMEDOR!I32+JORNADA!I32+'DIETOLOGÍA(S)'!I32) -> 0 | J32: =SUM(PACIENTES!J32+COMEDOR!J32+JORNADA!J32+'DIETOLOGÍA(S)'!J32) -> 0 | K32: =SUM(PACIENTES!K32+COMEDOR!K32+JORNADA!K32+'DIETOLOGÍA(S)'!K32) -> 0 | ... AH32: =SUM(PACIENTES!AH32+COMEDOR!AH32+JORNADA!AH32+'DIETOLOGÍA(S)'!AH32) -> 0 | AI32: =SUM(D32:AH32) -> 0
A33: 2212004035 | B33: TUNA | C33: KG | D33: =SUM(PACIENTES!D33+COMEDOR!D33+JORNADA!D33+'DIETOLOGÍA(S)'!D33) -> 0 | E33: =SUM(PACIENTES!E33+COMEDOR!E33+JORNADA!E33+'DIETOLOGÍA(S)'!E33) -> 0 | F33: =SUM(PACIENTES!F33+COMEDOR!F33+JORNADA!F33+'DIETOLOGÍA(S)'!F33) -> 0 | G33: =SUM(PACIENTES!G33+COMEDOR!G33+JORNADA!G33+'DIETOLOGÍA(S)'!G33) -> 0 | H33: =SUM(PACIENTES!H33+COMEDOR!H33+JORNADA!H33+'DIETOLOGÍA(S)'!H33) -> 0 | I33: =SUM(PACIENTES!I33+COMEDOR!I33+JORNADA!I33+'DIETOLOGÍA(S)'!I33) -> 0 | J33: =SUM(PACIENTES!J33+COMEDOR!J33+JORNADA!J33+'DIETOLOGÍA(S)'!J33) -> 2 | K33: =SUM(PACIENTES!K33+COMEDOR!K33+JORNADA!K33+'DIETOLOGÍA(S)'!K33) -> 0 | ... AH33: =SUM(PACIENTES!AH33+COMEDOR!AH33+JORNADA!AH33+'DIETOLOGÍA(S)'!AH33) -> 0 | AI33: =SUM(D33:AH33) -> 4
A34: 2212004038 | B34: GRANADA CHINA | C34: PIEZA | D34: =SUM(PACIENTES!D34+COMEDOR!D34+JORNADA!D34+'DIETOLOGÍA(S)'!D34) -> 0 | E34: =SUM(PACIENTES!E34+COMEDOR!E34+JORNADA!E34+'DIETOLOGÍA(S)'!E34) -> 0 | F34: =SUM(PACIENTES!F34+COMEDOR!F34+JORNADA!F34+'DIETOLOGÍA(S)'!F34) -> 0 | G34: =SUM(PACIENTES!G34+COMEDOR!G34+JORNADA!G34+'DIETOLOGÍA(S)'!G34) -> 0 | H34: =SUM(PACIENTES!H34+COMEDOR!H34+JORNADA!H34+'DIETOLOGÍA(S)'!H34) -> 0 | I34: =SUM(PACIENTES!I34+COMEDOR!I34+JORNADA!I34+'DIETOLOGÍA(S)'!I34) -> 0 | J34: =SUM(PACIENTES!J34+COMEDOR!J34+JORNADA!J34+'DIETOLOGÍA(S)'!J34) -> 0 | K34: =SUM(PACIENTES!K34+COMEDOR!K34+JORNADA!K34+'DIETOLOGÍA(S)'!K34) -> 0 | ... AH34: =SUM(PACIENTES!AH34+COMEDOR!AH34+JORNADA!AH34+'DIETOLOGÍA(S)'!AH34) -> 0 | AI34: =SUM(D34:AH34) -> 0
A35: GRUPO DE ALIMENTO: VERDURA
A36: 2212010003 | B36: CHILE JALAPEÑO | C36: KG | D36: =SUM(PACIENTES!D36+COMEDOR!D36+JORNADA!D36+'DIETOLOGÍA(S)'!D36) -> 0 | E36: =SUM(PACIENTES!E36+COMEDOR!E36+JORNADA!E36+'DIETOLOGÍA(S)'!E36) -> 0 | F36: =SUM(PACIENTES!F36+COMEDOR!F36+JORNADA!F36+'DIETOLOGÍA(S)'!F36) -> 0 | G36: =SUM(PACIENTES!G36+COMEDOR!G36+JORNADA!G36+'DIETOLOGÍA(S)'!G36) -> 0 | H36: =SUM(PACIENTES!H36+COMEDOR!H36+JORNADA!H36+'DIETOLOGÍA(S)'!H36) -> 0 | I36: =SUM(PACIENTES!I36+COMEDOR!I36+JORNADA!I36+'DIETOLOGÍA(S)'!I36) -> 1 | J36: =SUM(PACIENTES!J36+COMEDOR!J36+JORNADA!J36+'DIETOLOGÍA(S)'!J36) -> 0 | K36: =SUM(PACIENTES!K36+COMEDOR!K36+JORNADA!K36+'DIETOLOGÍA(S)'!K36) -> 0 | ... AH36: =SUM(PACIENTES!AH36+COMEDOR!AH36+JORNADA!AH36+'DIETOLOGÍA(S)'!AH36) -> 0 | AI36: =SUM(D36:AH36) -> 3
A37: 2212010004 | B37: CHAMPIÑONES | C37: KG | D37: =SUM(PACIENTES!D37+COMEDOR!D37+JORNADA!D37+'DIETOLOGÍA(S)'!D37) -> 0 | E37: =SUM(PACIENTES!E37+COMEDOR!E37+JORNADA!E37+'DIETOLOGÍA(S)'!E37) -> 40 | F37: =SUM(PACIENTES!F37+COMEDOR!F37+JORNADA!F37+'DIETOLOGÍA(S)'!F37) -> 0 | G37: =SUM(PACIENTES!G37+COMEDOR!G37+JORNADA!G37+'DIETOLOGÍA(S)'!G37) -> 0 | H37: =SUM(PACIENTES!H37+COMEDOR!H37+JORNADA!H37+'DIETOLOGÍA(S)'!H37) -> 18 | I37: =SUM(PACIENTES!I37+COMEDOR!I37+JORNADA!I37+'DIETOLOGÍA(S)'!I37) -> 1 | J37: =SUM(PACIENTES!J37+COMEDOR!J37+JORNADA!J37+'DIETOLOGÍA(S)'!J37) -> 1 | K37: =SUM(PACIENTES!K37+COMEDOR!K37+JORNADA!K37+'DIETOLOGÍA(S)'!K37) -> 0 | ... AH37: =SUM(PACIENTES!AH37+COMEDOR!AH37+JORNADA!AH37+'DIETOLOGÍA(S)'!AH37) -> 0 | AI37: =SUM(D37:AH37) -> 85
A38: 2212010005 | B38: TE DE LIMON | C38: MANOJO | D38: =SUM(PACIENTES!D38+COMEDOR!D38+JORNADA!D38+'DIETOLOGÍA(S)'!D38) -> 0 | E38: =SUM(PACIENTES!E38+COMEDOR!E38+JORNADA!E38+'DIETOLOGÍA(S)'!E38) -> 2 | F38: =SUM(PACIENTES!F38+COMEDOR!F38+JORNADA!F38+'DIETOLOGÍA(S)'!F38) -> 2 | G38: =SUM(PACIENTES!G38+COMEDOR!G38+JORNADA!G38+'DIETOLOGÍA(S)'!G38) -> 2 | H38: =SUM(PACIENTES!H38+COMEDOR!H38+JORNADA!H38+'DIETOLOGÍA(S)'!H38) -> 0 | I38: =SUM(PACIENTES!I38+COMEDOR!I38+JORNADA!I38+'DIETOLOGÍA(S)'!I38) -> 2 | J38: =SUM(PACIENTES!J38+COMEDOR!J38+JORNADA!J38+'DIETOLOGÍA(S)'!J38) -> 0 | K38: =SUM(PACIENTES!K38+COMEDOR!K38+JORNADA!K38+'DIETOLOGÍA(S)'!K38) -> 2 | ... AH38: =SUM(PACIENTES!AH38+COMEDOR!AH38+JORNADA!AH38+'DIETOLOGÍA(S)'!AH38) -> 0 | AI38: =SUM(D38:AH38) -> 26
A39: 2212010006 | B39: TOMILLO FRESCO | C39: MANOJO | D39: =SUM(PACIENTES!D39+COMEDOR!D39+JORNADA!D39+'DIETOLOGÍA(S)'!D39) -> 0 | E39: =SUM(PACIENTES!E39+COMEDOR!E39+JORNADA!E39+'DIETOLOGÍA(S)'!E39) -> 0 | F39: =SUM(PACIENTES!F39+COMEDOR!F39+JORNADA!F39+'DIETOLOGÍA(S)'!F39) -> 0 | G39: =SUM(PACIENTES!G39+COMEDOR!G39+JORNADA!G39+'DIETOLOGÍA(S)'!G39) -> 0 | H39: =SUM(PACIENTES!H39+COMEDOR!H39+JORNADA!H39+'DIETOLOGÍA(S)'!H39) -> 0 | I39: =SUM(PACIENTES!I39+COMEDOR!I39+JORNADA!I39+'DIETOLOGÍA(S)'!I39) -> 0 | J39: =SUM(PACIENTES!J39+COMEDOR!J39+JORNADA!J39+'DIETOLOGÍA(S)'!J39) -> 0 | K39: =SUM(PACIENTES!K39+COMEDOR!K39+JORNADA!K39+'DIETOLOGÍA(S)'!K39) -> 0 | ... AH39: =SUM(PACIENTES!AH39+COMEDOR!AH39+JORNADA!AH39+'DIETOLOGÍA(S)'!AH39) -> 0 | AI39: =SUM(D39:AH39) -> 0
A40: 2212010007 | B40: ACELGA | C40: MANOJO | D40: =SUM(PACIENTES!D40+COMEDOR!D40+JORNADA!D40+'DIETOLOGÍA(S)'!D40) -> 0 | E40: =SUM(PACIENTES!E40+COMEDOR!E40+JORNADA!E40+'DIETOLOGÍA(S)'!E40) -> 0 | F40: =SUM(PACIENTES!F40+COMEDOR!F40+JORNADA!F40+'DIETOLOGÍA(S)'!F40) -> 0 | G40: =SUM(PACIENTES!G40+COMEDOR!G40+JORNADA!G40+'DIETOLOGÍA(S)'!G40) -> 0 | H40: =SUM(PACIENTES!H40+COMEDOR!H40+JORNADA!H40+'DIETOLOGÍA(S)'!H40) -> 0 | I40: =SUM(PACIENTES!I40+COMEDOR!I40+JORNADA!I40+'DIETOLOGÍA(S)'!I40) -> 0 | J40: =SUM(PACIENTES!J40+COMEDOR!J40+JORNADA!J40+'DIETOLOGÍA(S)'!J40) -> 1 | K40: =SUM(PACIENTES!K40+COMEDOR!K40+JORNADA!K40+'DIETOLOGÍA(S)'!K40) -> 0 | ... AH40: =SUM(PACIENTES!AH40+COMEDOR!AH40+JORNADA!AH40+'DIETOLOGÍA(S)'!AH40) -> 0 | AI40: =SUM(D40:AH40) -> 4
A41: 2212010008 | B41: AGUACATE | C41: KG | D41: =SUM(PACIENTES!D41+COMEDOR!D41+JORNADA!D41+'DIETOLOGÍA(S)'!D41) -> 25 | E41: =SUM(PACIENTES!E41+COMEDOR!E41+JORNADA!E41+'DIETOLOGÍA(S)'!E41) -> 0 | F41: =SUM(PACIENTES!F41+COMEDOR!F41+JORNADA!F41+'DIETOLOGÍA(S)'!F41) -> 10 | G41: =SUM(PACIENTES!G41+COMEDOR!G41+JORNADA!G41+'DIETOLOGÍA(S)'!G41) -> 10 | H41: =SUM(PACIENTES!H41+COMEDOR!H41+JORNADA!H41+'DIETOLOGÍA(S)'!H41) -> 0 | I41: =SUM(PACIENTES!I41+COMEDOR!I41+JORNADA!I41+'DIETOLOGÍA(S)'!I41) -> 13 | J41: =SUM(PACIENTES!J41+COMEDOR!J41+JORNADA!J41+'DIETOLOGÍA(S)'!J41) -> 2 | K41: =SUM(PACIENTES!K41+COMEDOR!K41+JORNADA!K41+'DIETOLOGÍA(S)'!K41) -> 0 | ... AH41: =SUM(PACIENTES!AH41+COMEDOR!AH41+JORNADA!AH41+'DIETOLOGÍA(S)'!AH41) -> 0 | AI41: =SUM(D41:AH41) -> 172
A42: 2212010009 | B42: APIO | C42: KG | D42: =SUM(PACIENTES!D42+COMEDOR!D42+JORNADA!D42+'DIETOLOGÍA(S)'!D42) -> 0 | E42: =SUM(PACIENTES!E42+COMEDOR!E42+JORNADA!E42+'DIETOLOGÍA(S)'!E42) -> 0 | F42: =SUM(PACIENTES!F42+COMEDOR!F42+JORNADA!F42+'DIETOLOGÍA(S)'!F42) -> 0 | G42: =SUM(PACIENTES!G42+COMEDOR!G42+JORNADA!G42+'DIETOLOGÍA(S)'!G42) -> 0 | H42: =SUM(PACIENTES!H42+COMEDOR!H42+JORNADA!H42+'DIETOLOGÍA(S)'!H42) -> 1 | I42: =SUM(PACIENTES!I42+COMEDOR!I42+JORNADA!I42+'DIETOLOGÍA(S)'!I42) -> 0 | J42: =SUM(PACIENTES!J42+COMEDOR!J42+JORNADA!J42+'DIETOLOGÍA(S)'!J42) -> 1 | K42: =SUM(PACIENTES!K42+COMEDOR!K42+JORNADA!K42+'DIETOLOGÍA(S)'!K42) -> 0 | ... AH42: =SUM(PACIENTES!AH42+COMEDOR!AH42+JORNADA!AH42+'DIETOLOGÍA(S)'!AH42) -> 0 | AI42: =SUM(D42:AH42) -> 5
A43: 2212010010 | B43: BETABEL | C43: MANOJO | D43: =SUM(PACIENTES!D43+COMEDOR!D43+JORNADA!D43+'DIETOLOGÍA(S)'!D43) -> 0 | E43: =SUM(PACIENTES!E43+COMEDOR!E43+JORNADA!E43+'DIETOLOGÍA(S)'!E43) -> 0 | F43: =SUM(PACIENTES!F43+COMEDOR!F43+JORNADA!F43+'DIETOLOGÍA(S)'!F43) -> 0 | G43: =SUM(PACIENTES!G43+COMEDOR!G43+JORNADA!G43+'DIETOLOGÍA(S)'!G43) -> 0 | H43: =SUM(PACIENTES!H43+COMEDOR!H43+JORNADA!H43+'DIETOLOGÍA(S)'!H43) -> 0 | I43: =SUM(PACIENTES!I43+COMEDOR!I43+JORNADA!I43+'DIETOLOGÍA(S)'!I43) -> 0 | J43: =SUM(PACIENTES!J43+COMEDOR!J43+JORNADA!J43+'DIETOLOGÍA(S)'!J43) -> 1 | K43: =SUM(PACIENTES!K43+COMEDOR!K43+JORNADA!K43+'DIETOLOGÍA(S)'!K43) -> 0 | ... AH43: =SUM(PACIENTES!AH43+COMEDOR!AH43+JORNADA!AH43+'DIETOLOGÍA(S)'!AH43) -> 0 | AI43: =SUM(D43:AH43) -> 63
A44: 2212010011 | B44: BROCOLI | C44: KG | D44: =SUM(PACIENTES!D44+COMEDOR!D44+JORNADA!D44+'DIETOLOGÍA(S)'!D44) -> 0 | E44: =SUM(PACIENTES!E44+COMEDOR!E44+JORNADA!E44+'DIETOLOGÍA(S)'!E44) -> 0 | F44: =SUM(PACIENTES!F44+COMEDOR!F44+JORNADA!F44+'DIETOLOGÍA(S)'!F44) -> 0 | G44: =SUM(PACIENTES!G44+COMEDOR!G44+JORNADA!G44+'DIETOLOGÍA(S)'!G44) -> 0 | H44: =SUM(PACIENTES!H44+COMEDOR!H44+JORNADA!H44+'DIETOLOGÍA(S)'!H44) -> 0 | I44: =SUM(PACIENTES!I44+COMEDOR!I44+JORNADA!I44+'DIETOLOGÍA(S)'!I44) -> 1 | J44: =SUM(PACIENTES!J44+COMEDOR!J44+JORNADA!J44+'DIETOLOGÍA(S)'!J44) -> 2 | K44: =SUM(PACIENTES!K44+COMEDOR!K44+JORNADA!K44+'DIETOLOGÍA(S)'!K44) -> 0 | ... AH44: =SUM(PACIENTES!AH44+COMEDOR!AH44+JORNADA!AH44+'DIETOLOGÍA(S)'!AH44) -> 0 | AI44: =SUM(D44:AH44) -> 10
A45: 2212010012 | B45: CALABACITA ITALIANA | C45: KG | D45: =SUM(PACIENTES!D45+COMEDOR!D45+JORNADA!D45+'DIETOLOGÍA(S)'!D45) -> 107 | E45: =SUM(PACIENTES!E45+COMEDOR!E45+JORNADA!E45+'DIETOLOGÍA(S)'!E45) -> 72 | F45: =SUM(PACIENTES!F45+COMEDOR!F45+JORNADA!F45+'DIETOLOGÍA(S)'!F45) -> 73 | G45: =SUM(PACIENTES!G45+COMEDOR!G45+JORNADA!G45+'DIETOLOGÍA(S)'!G45) -> 72 | H45: =SUM(PACIENTES!H45+COMEDOR!H45+JORNADA!H45+'DIETOLOGÍA(S)'!H45) -> 27 | I45: =SUM(PACIENTES!I45+COMEDOR!I45+JORNADA!I45+'DIETOLOGÍA(S)'!I45) -> 77 | J45: =SUM(PACIENTES!J45+COMEDOR!J45+JORNADA!J45+'DIETOLOGÍA(S)'!J45) -> 38 | K45: =SUM(PACIENTES!K45+COMEDOR!K45+JORNADA!K45+'DIETOLOGÍA(S)'!K45) -> 30 | ... AH45: =SUM(PACIENTES!AH45+COMEDOR!AH45+JORNADA!AH45+'DIETOLOGÍA(S)'!AH45) -> 30 | AI45: =SUM(D45:AH45) -> 1733
A46: 2212010013 | B46: CALABAZA DURA | C46: KG | D46: =SUM(PACIENTES!D46+COMEDOR!D46+JORNADA!D46+'DIETOLOGÍA(S)'!D46) -> 0 | E46: =SUM(PACIENTES!E46+COMEDOR!E46+JORNADA!E46+'DIETOLOGÍA(S)'!E46) -> 0 | F46: =SUM(PACIENTES!F46+COMEDOR!F46+JORNADA!F46+'DIETOLOGÍA(S)'!F46) -> 15 | G46: =SUM(PACIENTES!G46+COMEDOR!G46+JORNADA!G46+'DIETOLOGÍA(S)'!G46) -> 0 | H46: =SUM(PACIENTES!H46+COMEDOR!H46+JORNADA!H46+'DIETOLOGÍA(S)'!H46) -> 0 | I46: =SUM(PACIENTES!I46+COMEDOR!I46+JORNADA!I46+'DIETOLOGÍA(S)'!I46) -> 0 | J46: =SUM(PACIENTES!J46+COMEDOR!J46+JORNADA!J46+'DIETOLOGÍA(S)'!J46) -> 0 | K46: =SUM(PACIENTES!K46+COMEDOR!K46+JORNADA!K46+'DIETOLOGÍA(S)'!K46) -> 0 | ... AH46: =SUM(PACIENTES!AH46+COMEDOR!AH46+JORNADA!AH46+'DIETOLOGÍA(S)'!AH46) -> 0 | AI46: =SUM(D46:AH46) -> 15
A47: 2212010014 | B47: CAMOTE AMARILLO | C47: KG | D47: =SUM(PACIENTES!D47+COMEDOR!D47+JORNADA!D47+'DIETOLOGÍA(S)'!D47) -> 0 | E47: =SUM(PACIENTES!E47+COMEDOR!E47+JORNADA!E47+'DIETOLOGÍA(S)'!E47) -> 0 | F47: =SUM(PACIENTES!F47+COMEDOR!F47+JORNADA!F47+'DIETOLOGÍA(S)'!F47) -> 20 | G47: =SUM(PACIENTES!G47+COMEDOR!G47+JORNADA!G47+'DIETOLOGÍA(S)'!G47) -> 0 | H47: =SUM(PACIENTES!H47+COMEDOR!H47+JORNADA!H47+'DIETOLOGÍA(S)'!H47) -> 0 | I47: =SUM(PACIENTES!I47+COMEDOR!I47+JORNADA!I47+'DIETOLOGÍA(S)'!I47) -> 0 | J47: =SUM(PACIENTES!J47+COMEDOR!J47+JORNADA!J47+'DIETOLOGÍA(S)'!J47) -> 0 | K47: =SUM(PACIENTES!K47+COMEDOR!K47+JORNADA!K47+'DIETOLOGÍA(S)'!K47) -> 0 | ... AH47: =SUM(PACIENTES!AH47+COMEDOR!AH47+JORNADA!AH47+'DIETOLOGÍA(S)'!AH47) -> 0 | AI47: =SUM(D47:AH47) -> 44
... A89: 2212004040 | B89: RABANO CHAMPION SIN RABO | C89: KG | D89: =SUM(PACIENTES!D89+COMEDOR!D89+JORNADA!D89+'DIETOLOGÍA(S)'!D89) -> 0 | E89: =SUM(PACIENTES!E89+COMEDOR!E89+JORNADA!E89+'DIETOLOGÍA(S)'!E89) -> 0 | F89: =SUM(PACIENTES!F89+COMEDOR!F89+JORNADA!F89+'DIETOLOGÍA(S)'!F89) -> 0 | G89: =SUM(PACIENTES!G89+COMEDOR!G89+JORNADA!G89+'DIETOLOGÍA(S)'!G89) -> 0 | H89: =SUM(PACIENTES!H89+COMEDOR!H89+JORNADA!H89+'DIETOLOGÍA(S)'!H89) -> 0 | I89: =SUM(PACIENTES!I89+COMEDOR!I89+JORNADA!I89+'DIETOLOGÍA(S)'!I89) -> 0 | J89: =SUM(PACIENTES!J89+COMEDOR!J89+JORNADA!J89+'DIETOLOGÍA(S)'!J89) -> 0 | K89: =SUM(PACIENTES!K89+COMEDOR!K89+JORNADA!K89+'DIETOLOGÍA(S)'!K89) -> 0 | ... AH89: =SUM(PACIENTES!AH89+COMEDOR!AH89+JORNADA!AH89+'DIETOLOGÍA(S)'!AH89) -> 0 | AI89: =SUM(D89:AH89) -> 0
A90: GRUPO DE ALIMENTO: CERDO
A91: 2212002001 | B91: FAJITAS DE CERDO | C91: KG | D91: =SUM(PACIENTES!D91+COMEDOR!D91+JORNADA!D91+'DIETOLOGÍA(S)'!D91) -> 0 | E91: =SUM(PACIENTES!E91+COMEDOR!E91+JORNADA!E91+'DIETOLOGÍA(S)'!E91) -> 0 | F91: =SUM(PACIENTES!F91+COMEDOR!F91+JORNADA!F91+'DIETOLOGÍA(S)'!F91) -> 0 | G91: =SUM(PACIENTES!G91+COMEDOR!G91+JORNADA!G91+'DIETOLOGÍA(S)'!G91) -> 0 | H91: =SUM(PACIENTES!H91+COMEDOR!H91+JORNADA!H91+'DIETOLOGÍA(S)'!H91) -> 0 | I91: =SUM(PACIENTES!I91+COMEDOR!I91+JORNADA!I91+'DIETOLOGÍA(S)'!I91) -> 1 | J91: =SUM(PACIENTES!J91+COMEDOR!J91+JORNADA!J91+'DIETOLOGÍA(S)'!J91) -> 0 | K91: =SUM(PACIENTES!K91+COMEDOR!K91+JORNADA!K91+'DIETOLOGÍA(S)'!K91) -> 0 | ... AH91: =SUM(PACIENTES!AH91+COMEDOR!AH91+JORNADA!AH91+'DIETOLOGÍA(S)'!AH91) -> 0 | AI91: =SUM(D91:AH91) -> 27
A92: 2212002004 | B92: CARNAZA DE CERDO EN TROZO | C92: KG | D92: =SUM(PACIENTES!D92+COMEDOR!D92+JORNADA!D92+'DIETOLOGÍA(S)'!D92) -> 0 | E92: =SUM(PACIENTES!E92+COMEDOR!E92+JORNADA!E92+'DIETOLOGÍA(S)'!E92) -> 0 | F92: =SUM(PACIENTES!F92+COMEDOR!F92+JORNADA!F92+'DIETOLOGÍA(S)'!F92) -> 0 | G92: =SUM(PACIENTES!G92+COMEDOR!G92+JORNADA!G92+'DIETOLOGÍA(S)'!G92) -> 0 | H92: =SUM(PACIENTES!H92+COMEDOR!H92+JORNADA!H92+'DIETOLOGÍA(S)'!H92) -> 0 | I92: =SUM(PACIENTES!I92+COMEDOR!I92+JORNADA!I92+'DIETOLOGÍA(S)'!I92) -> 0 | J92: =SUM(PACIENTES!J92+COMEDOR!J92+JORNADA!J92+'DIETOLOGÍA(S)'!J92) -> 0 | K92: =SUM(PACIENTES!K92+COMEDOR!K92+JORNADA!K92+'DIETOLOGÍA(S)'!K92) -> 0 | ... AH92: =SUM(PACIENTES!AH92+COMEDOR!AH92+JORNADA!AH92+'DIETOLOGÍA(S)'!AH92) -> 0 | AI92: =SUM(D92:AH92) -> 24
A93: 2212002007 | B93: CARNE MOLIDA DE CERDO POCA GRASA | C93: KG | D93: =SUM(PACIENTES!D93+COMEDOR!D93+JORNADA!D93+'DIETOLOGÍA(S)'!D93) -> 0 | E93: =SUM(PACIENTES!E93+COMEDOR!E93+JORNADA!E93+'DIETOLOGÍA(S)'!E93) -> 0 | F93: =SUM(PACIENTES!F93+COMEDOR!F93+JORNADA!F93+'DIETOLOGÍA(S)'!F93) -> 0 | G93: =SUM(PACIENTES!G93+COMEDOR!G93+JORNADA!G93+'DIETOLOGÍA(S)'!G93) -> 0 | H93: =SUM(PACIENTES!H93+COMEDOR!H93+JORNADA!H93+'DIETOLOGÍA(S)'!H93) -> 0 | I93: =SUM(PACIENTES!I93+COMEDOR!I93+JORNADA!I93+'DIETOLOGÍA(S)'!I93) -> 1 | J93: =SUM(PACIENTES!J93+COMEDOR!J93+JORNADA!J93+'DIETOLOGÍA(S)'!J93) -> 2 | K93: =SUM(PACIENTES!K93+COMEDOR!K93+JORNADA!K93+'DIETOLOGÍA(S)'!K93) -> 30 | ... AH93: =SUM(PACIENTES!AH93+COMEDOR!AH93+JORNADA!AH93+'DIETOLOGÍA(S)'!AH93) -> 0 | AI93: =SUM(D93:AH93) -> 124
A94: 2212002009 | B94: CHAMORRO DE CERDO PARTIDO | C94: KG | D94: =SUM(PACIENTES!D94+COMEDOR!D94+JORNADA!D94+'DIETOLOGÍA(S)'!D94) -> 0 | E94: =SUM(PACIENTES!E94+COMEDOR!E94+JORNADA!E94+'DIETOLOGÍA(S)'!E94) -> 0 | F94: =SUM(PACIENTES!F94+COMEDOR!F94+JORNADA!F94+'DIETOLOGÍA(S)'!F94) -> 0 | G94: =SUM(PACIENTES!G94+COMEDOR!G94+JORNADA!G94+'DIETOLOGÍA(S)'!G94) -> 0 | H94: =SUM(PACIENTES!H94+COMEDOR!H94+JORNADA!H94+'DIETOLOGÍA(S)'!H94) -> 0 | I94: =SUM(PACIENTES!I94+COMEDOR!I94+JORNADA!I94+'DIETOLOGÍA(S)'!I94) -> 0 | J94: =SUM(PACIENTES!J94+COMEDOR!J94+JORNADA!J94+'DIETOLOGÍA(S)'!J94) -> 0 | K94: =SUM(PACIENTES!K94+COMEDOR!K94+JORNADA!K94+'DIETOLOGÍA(S)'!K94) -> 0 | ... AH94: =SUM(PACIENTES!AH94+COMEDOR!AH94+JORNADA!AH94+'DIETOLOGÍA(S)'!AH94) -> 0 | AI94: =SUM(D94:AH94) -> 42
A95: 2212002010 | B95: CHULETA DE CERDO AHUMADA CORTE DE 120GR C/U | C95: KG | D95: =SUM(PACIENTES!D95+COMEDOR!D95+JORNADA!D95+'DIETOLOGÍA(S)'!D95) -> 0 | E95: =SUM(PACIENTES!E95+COMEDOR!E95+JORNADA!E95+'DIETOLOGÍA(S)'!E95) -> 0 | F95: =SUM(PACIENTES!F95+COMEDOR!F95+JORNADA!F95+'DIETOLOGÍA(S)'!F95) -> 0 | G95: =SUM(PACIENTES!G95+COMEDOR!G95+JORNADA!G95+'DIETOLOGÍA(S)'!G95) -> 0 | H95: =SUM(PACIENTES!H95+COMEDOR!H95+JORNADA!H95+'DIETOLOGÍA(S)'!H95) -> 0 | I95: =SUM(PACIENTES!I95+COMEDOR!I95+JORNADA!I95+'DIETOLOGÍA(S)'!I95) -> 0 | J95: =SUM(PACIENTES!J95+COMEDOR!J95+JORNADA!J95+'DIETOLOGÍA(S)'!J95) -> 0 | K95: =SUM(PACIENTES!K95+COMEDOR!K95+JORNADA!K95+'DIETOLOGÍA(S)'!K95) -> 0 | ... AH95: =SUM(PACIENTES!AH95+COMEDOR!AH95+JORNADA!AH95+'DIETOLOGÍA(S)'!AH95) -> 0 | AI95: =SUM(D95:AH95) -> 2
A96: 2212002011 | B96: COSTILLA DE CERDO EN TROCITO | C96: KG | D96: =SUM(PACIENTES!D96+COMEDOR!D96+JORNADA!D96+'DIETOLOGÍA(S)'!D96) -> 0 | E96: =SUM(PACIENTES!E96+COMEDOR!E96+JORNADA!E96+'DIETOLOGÍA(S)'!E96) -> 0 | F96: =SUM(PACIENTES!F96+COMEDOR!F96+JORNADA!F96+'DIETOLOGÍA(S)'!F96) -> 0 | G96: =SUM(PACIENTES!G96+COMEDOR!G96+JORNADA!G96+'DIETOLOGÍA(S)'!G96) -> 0 | H96: =SUM(PACIENTES!H96+COMEDOR!H96+JORNADA!H96+'DIETOLOGÍA(S)'!H96) -> 0 | I96: =SUM(PACIENTES!I96+COMEDOR!I96+JORNADA!I96+'DIETOLOGÍA(S)'!I96) -> 30 | J96: =SUM(PACIENTES!J96+COMEDOR!J96+JORNADA!J96+'DIETOLOGÍA(S)'!J96) -> 2 | K96: =SUM(PACIENTES!K96+COMEDOR!K96+JORNADA!K96+'DIETOLOGÍA(S)'!K96) -> 40 | ... AH96: =SUM(PACIENTES!AH96+COMEDOR!AH96+JORNADA!AH96+'DIETOLOGÍA(S)'!AH96) -> 0 | AI96: =SUM(D96:AH96) -> 161
A97: 2212002014 | B97: LOMO DE CERDO | C97: KG | D97: =SUM(PACIENTES!D97+COMEDOR!D97+JORNADA!D97+'DIETOLOGÍA(S)'!D97) -> 0 | E97: =SUM(PACIENTES!E97+COMEDOR!E97+JORNADA!E97+'DIETOLOGÍA(S)'!E97) -> 0 | F97: =SUM(PACIENTES!F97+COMEDOR!F97+JORNADA!F97+'DIETOLOGÍA(S)'!F97) -> 0 | G97: =SUM(PACIENTES!G97+COMEDOR!G97+JORNADA!G97+'DIETOLOGÍA(S)'!G97) -> 0 | H97: =SUM(PACIENTES!H97+COMEDOR!H97+JORNADA!H97+'DIETOLOGÍA(S)'!H97) -> 0 | I97: =SUM(PACIENTES!I97+COMEDOR!I97+JORNADA!I97+'DIETOLOGÍA(S)'!I97) -> 0 | J97: =SUM(PACIENTES!J97+COMEDOR!J97+JORNADA!J97+'DIETOLOGÍA(S)'!J97) -> 0 | K97: =SUM(PACIENTES!K97+COMEDOR!K97+JORNADA!K97+'DIETOLOGÍA(S)'!K97) -> 0 | ... AH97: =SUM(PACIENTES!AH97+COMEDOR!AH97+JORNADA!AH97+'DIETOLOGÍA(S)'!AH97) -> 0 | AI97: =SUM(D97:AH97) -> 2
A98: 2212002016 | B98: MILANESA DE CERDO | C98: KG | D98: =SUM(PACIENTES!D98+COMEDOR!D98+JORNADA!D98+'DIETOLOGÍA(S)'!D98) -> 0 | E98: =SUM(PACIENTES!E98+COMEDOR!E98+JORNADA!E98+'DIETOLOGÍA(S)'!E98) -> 0 | F98: =SUM(PACIENTES!F98+COMEDOR!F98+JORNADA!F98+'DIETOLOGÍA(S)'!F98) -> 0 | G98: =SUM(PACIENTES!G98+COMEDOR!G98+JORNADA!G98+'DIETOLOGÍA(S)'!G98) -> 0 | H98: =SUM(PACIENTES!H98+COMEDOR!H98+JORNADA!H98+'DIETOLOGÍA(S)'!H98) -> 0 | I98: =SUM(PACIENTES!I98+COMEDOR!I98+JORNADA!I98+'DIETOLOGÍA(S)'!I98) -> 0 | J98: =SUM(PACIENTES!J98+COMEDOR!J98+JORNADA!J98+'DIETOLOGÍA(S)'!J98) -> 2 | K98: =SUM(PACIENTES!K98+COMEDOR!K98+JORNADA!K98+'DIETOLOGÍA(S)'!K98) -> 0 | ... AH98: =SUM(PACIENTES!AH98+COMEDOR!AH98+JORNADA!AH98+'DIETOLOGÍA(S)'!AH98) -> 0 | AI98: =SUM(D98:AH98) -> 2
A99: 2212002018 | B99: PIERNA DE CERDO EN TROZO CORTE DE 3 KILOS | C99: KG | D99: =SUM(PACIENTES!D99+COMEDOR!D99+JORNADA!D99+'DIETOLOGÍA(S)'!D99) -> 0 | E99: =SUM(PACIENTES!E99+COMEDOR!E99+JORNADA!E99+'DIETOLOGÍA(S)'!E99) -> 0 | F99: =SUM(PACIENTES!F99+COMEDOR!F99+JORNADA!F99+'DIETOLOGÍA(S)'!F99) -> 0 | G99: =SUM(PACIENTES!G99+COMEDOR!G99+JORNADA!G99+'DIETOLOGÍA(S)'!G99) -> 0 | H99: =SUM(PACIENTES!H99+COMEDOR!H99+JORNADA!H99+'DIETOLOGÍA(S)'!H99) -> 0 | I99: =SUM(PACIENTES!I99+COMEDOR!I99+JORNADA!I99+'DIETOLOGÍA(S)'!I99) -> 0 | J99: =SUM(PACIENTES!J99+COMEDOR!J99+JORNADA!J99+'DIETOLOGÍA(S)'!J99) -> 0 | K99: =SUM(PACIENTES!K99+COMEDOR!K99+JORNADA!K99+'DIETOLOGÍA(S)'!K99) -> 0 | ... AH99: =SUM(PACIENTES!AH99+COMEDOR!AH99+JORNADA!AH99+'DIETOLOGÍA(S)'!AH99) -> 0 | AI99: =SUM(D99:AH99) -> 40
A100: 2212002022 | B100: PIERNA DE CERDO EN TROCITO | C100: KG | D100: =SUM(PACIENTES!D100+COMEDOR!D100+JORNADA!D100+'DIETOLOGÍA(S)'!D100) -> 0 | E100: =SUM(PACIENTES!E100+COMEDOR!E100+JORNADA!E100+'DIETOLOGÍA(S)'!E100) -> 0 | F100: =SUM(PACIENTES!F100+COMEDOR!F100+JORNADA!F100+'DIETOLOGÍA(S)'!F100) -> 0 | G100: =SUM(PACIENTES!G100+COMEDOR!G100+JORNADA!G100+'DIETOLOGÍA(S)'!G100) -> 0 | H100: =SUM(PACIENTES!H100+COMEDOR!H100+JORNADA!H100+'DIETOLOGÍA(S)'!H100) -> 0 | I100: =SUM(PACIENTES!I100+COMEDOR!I100+JORNADA!I100+'DIETOLOGÍA(S)'!I100) -> 1 | J100: =SUM(PACIENTES!J100+COMEDOR!J100+JORNADA!J100+'DIETOLOGÍA(S)'!J100) -> 0 | K100: =SUM(PACIENTES!K100+COMEDOR!K100+JORNADA!K100+'DIETOLOGÍA(S)'!K100) -> 0 | ... AH100: =SUM(PACIENTES!AH100+COMEDOR!AH100+JORNADA!AH100+'DIETOLOGÍA(S)'!AH100) -> 0 | AI100: =SUM(D100:AH100) -> 66
A101: 2212002023 | B101: CARNITAS | C101: KG | D101: =SUM(PACIENTES!D101+COMEDOR!D101+JORNADA!D101+'DIETOLOGÍA(S)'!D101) -> 0 | E101: =SUM(PACIENTES!E101+COMEDOR!E101+JORNADA!E101+'DIETOLOGÍA(S)'!E101) -> 0 | F101: =SUM(PACIENTES!F101+COMEDOR!F101+JORNADA!F101+'DIETOLOGÍA(S)'!F101) -> 0 | G101: =SUM(PACIENTES!G101+COMEDOR!G101+JORNADA!G101+'DIETOLOGÍA(S)'!G101) -> 0 | H101: =SUM(PACIENTES!H101+COMEDOR!H101+JORNADA!H101+'DIETOLOGÍA(S)'!H101) -> 0 | I101: =SUM(PACIENTES!I101+COMEDOR!I101+JORNADA!I101+'DIETOLOGÍA(S)'!I101) -> 0 | J101: =SUM(PACIENTES!J101+COMEDOR!J101+JORNADA!J101+'DIETOLOGÍA(S)'!J101) -> 0 | K101: =SUM(PACIENTES!K101+COMEDOR!K101+JORNADA!K101+'DIETOLOGÍA(S)'!K101) -> 0 | ... AH101: =SUM(PACIENTES!AH101+COMEDOR!AH101+JORNADA!AH101+'DIETOLOGÍA(S)'!AH101) -> 45 | AI101: =SUM(D101:AH101) -> 45
A102: 2212002025 | B102: CABEZA DE CERDO PARTIDA | C102: KG | D102: =SUM(PACIENTES!D102+COMEDOR!D102+JORNADA!D102+'DIETOLOGÍA(S)'!D102) -> 0 | E102: =SUM(PACIENTES!E102+COMEDOR!E102+JORNADA!E102+'DIETOLOGÍA(S)'!E102) -> 0 | F102: =SUM(PACIENTES!F102+COMEDOR!F102+JORNADA!F102+'DIETOLOGÍA(S)'!F102) -> 0 | G102: =SUM(PACIENTES!G102+COMEDOR!G102+JORNADA!G102+'DIETOLOGÍA(S)'!G102) -> 0 | H102: =SUM(PACIENTES!H102+COMEDOR!H102+JORNADA!H102+'DIETOLOGÍA(S)'!H102) -> 0 | I102: =SUM(PACIENTES!I102+COMEDOR!I102+JORNADA!I102+'DIETOLOGÍA(S)'!I102) -> 0 | J102: =SUM(PACIENTES!J102+COMEDOR!J102+JORNADA!J102+'DIETOLOGÍA(S)'!J102) -> 0 | K102: =SUM(PACIENTES!K102+COMEDOR!K102+JORNADA!K102+'DIETOLOGÍA(S)'!K102) -> 0 | ... AH102: =SUM(PACIENTES!AH102+COMEDOR!AH102+JORNADA!AH102+'DIETOLOGÍA(S)'!AH102) -> 0 | AI102: =SUM(D102:AH102) -> 17
... A111: 2212002046 | B111: LOMO MECHADO | C111: KG | D111: =SUM(PACIENTES!D111+COMEDOR!D111+JORNADA!D111+'DIETOLOGÍA(S)'!D111) -> 0 | E111: =SUM(PACIENTES!E111+COMEDOR!E111+JORNADA!E111+'DIETOLOGÍA(S)'!E111) -> 0 | F111: =SUM(PACIENTES!F111+COMEDOR!F111+JORNADA!F111+'DIETOLOGÍA(S)'!F111) -> 0 | G111: =SUM(PACIENTES!G111+COMEDOR!G111+JORNADA!G111+'DIETOLOGÍA(S)'!G111) -> 0 | H111: =SUM(PACIENTES!H111+COMEDOR!H111+JORNADA!H111+'DIETOLOGÍA(S)'!H111) -> 0 | I111: =SUM(PACIENTES!I111+COMEDOR!I111+JORNADA!I111+'DIETOLOGÍA(S)'!I111) -> 0 | J111: =SUM(PACIENTES!J111+COMEDOR!J111+JORNADA!J111+'DIETOLOGÍA(S)'!J111) -> 0 | K111: =SUM(PACIENTES!K111+COMEDOR!K111+JORNADA!K111+'DIETOLOGÍA(S)'!K111) -> 0 | ... AH111: =SUM(PACIENTES!AH111+COMEDOR!AH111+JORNADA!AH111+'DIETOLOGÍA(S)'!AH111) -> 0 | AI111: =SUM(D111:AH111) -> 0
A112: GRUPO DE ALIMENTO: RES
A113: 2212002003 | B113: BISTECK DE RES AGUAYON PARA BROCHETA | C113: KG | D113: =SUM(PACIENTES!D113+COMEDOR!D113+JORNADA!D113+'DIETOLOGÍA(S)'!D113) -> 0 | E113: =SUM(PACIENTES!E113+COMEDOR!E113+JORNADA!E113+'DIETOLOGÍA(S)'!E113) -> 0 | F113: =SUM(PACIENTES!F113+COMEDOR!F113+JORNADA!F113+'DIETOLOGÍA(S)'!F113) -> 0 | G113: =SUM(PACIENTES!G113+COMEDOR!G113+JORNADA!G113+'DIETOLOGÍA(S)'!G113) -> 0 | H113: =SUM(PACIENTES!H113+COMEDOR!H113+JORNADA!H113+'DIETOLOGÍA(S)'!H113) -> 0 | I113: =SUM(PACIENTES!I113+COMEDOR!I113+JORNADA!I113+'DIETOLOGÍA(S)'!I113) -> 0 | J113: =SUM(PACIENTES!J113+COMEDOR!J113+JORNADA!J113+'DIETOLOGÍA(S)'!J113) -> 2 | K113: =SUM(PACIENTES!K113+COMEDOR!K113+JORNADA!K113+'DIETOLOGÍA(S)'!K113) -> 0 | ... AH113: =SUM(PACIENTES!AH113+COMEDOR!AH113+JORNADA!AH113+'DIETOLOGÍA(S)'!AH113) -> 0 | AI113: =SUM(D113:AH113) -> 204
A114: 2212002005 | B114: CARNE DE RES PARA COCIDO CON PLATANO Y POCO HUESO | C114: KG | D114: =SUM(PACIENTES!D114+COMEDOR!D114+JORNADA!D114+'DIETOLOGÍA(S)'!D114) -> 0 | E114: =SUM(PACIENTES!E114+COMEDOR!E114+JORNADA!E114+'DIETOLOGÍA(S)'!E114) -> 0 | F114: =SUM(PACIENTES!F114+COMEDOR!F114+JORNADA!F114+'DIETOLOGÍA(S)'!F114) -> 0 | G114: =SUM(PACIENTES!G114+COMEDOR!G114+JORNADA!G114+'DIETOLOGÍA(S)'!G114) -> 0 | H114: =SUM(PACIENTES!H114+COMEDOR!H114+JORNADA!H114+'DIETOLOGÍA(S)'!H114) -> 0 | I114: =SUM(PACIENTES!I114+COMEDOR!I114+JORNADA!I114+'DIETOLOGÍA(S)'!I114) -> 35 | J114: =SUM(PACIENTES!J114+COMEDOR!J114+JORNADA!J114+'DIETOLOGÍA(S)'!J114) -> 0 | K114: =SUM(PACIENTES!K114+COMEDOR!K114+JORNADA!K114+'DIETOLOGÍA(S)'!K114) -> 0 | ... AH114: =SUM(PACIENTES!AH114+COMEDOR!AH114+JORNADA!AH114+'DIETOLOGÍA(S)'!AH114) -> 0 | AI114: =SUM(D114:AH114) -> 94
A115: 2212002006 | B115: CARNE DE RES PARA DESHEBRAR CORTE DE KILO | C115: KG | D115: =SUM(PACIENTES!D115+COMEDOR!D115+JORNADA!D115+'DIETOLOGÍA(S)'!D115) -> 0 | E115: =SUM(PACIENTES!E115+COMEDOR!E115+JORNADA!E115+'DIETOLOGÍA(S)'!E115) -> 0 | F115: =SUM(PACIENTES!F115+COMEDOR!F115+JORNADA!F115+'DIETOLOGÍA(S)'!F115) -> 0 | G115: =SUM(PACIENTES!G115+COMEDOR!G115+JORNADA!G115+'DIETOLOGÍA(S)'!G115) -> 0 | H115: =SUM(PACIENTES!H115+COMEDOR!H115+JORNADA!H115+'DIETOLOGÍA(S)'!H115) -> 0 | I115: =SUM(PACIENTES!I115+COMEDOR!I115+JORNADA!I115+'DIETOLOGÍA(S)'!I115) -> 1 | J115: =SUM(PACIENTES!J115+COMEDOR!J115+JORNADA!J115+'DIETOLOGÍA(S)'!J115) -> 1 | K115: =SUM(PACIENTES!K115+COMEDOR!K115+JORNADA!K115+'DIETOLOGÍA(S)'!K115) -> 0 | ... AH115: =SUM(PACIENTES!AH115+COMEDOR!AH115+JORNADA!AH115+'DIETOLOGÍA(S)'!AH115) -> 0 | AI115: =SUM(D115:AH115) -> 67
A116: 2212002008 | B116: CARNE MOLIDA DE RES POCA GRASA | C116: KG | D116: =SUM(PACIENTES!D116+COMEDOR!D116+JORNADA!D116+'DIETOLOGÍA(S)'!D116) -> 0 | E116: =SUM(PACIENTES!E116+COMEDOR!E116+JORNADA!E116+'DIETOLOGÍA(S)'!E116) -> 0 | F116: =SUM(PACIENTES!F116+COMEDOR!F116+JORNADA!F116+'DIETOLOGÍA(S)'!F116) -> 0 | G116: =SUM(PACIENTES!G116+COMEDOR!G116+JORNADA!G116+'DIETOLOGÍA(S)'!G116) -> 0 | H116: =SUM(PACIENTES!H116+COMEDOR!H116+JORNADA!H116+'DIETOLOGÍA(S)'!H116) -> 0 | I116: =SUM(PACIENTES!I116+COMEDOR!I116+JORNADA!I116+'DIETOLOGÍA(S)'!I116) -> 0 | J116: =SUM(PACIENTES!J116+COMEDOR!J116+JORNADA!J116+'DIETOLOGÍA(S)'!J116) -> 2 | K116: =SUM(PACIENTES!K116+COMEDOR!K116+JORNADA!K116+'DIETOLOGÍA(S)'!K116) -> 0 | ... AH116: =SUM(PACIENTES!AH116+COMEDOR!AH116+JORNADA!AH116+'DIETOLOGÍA(S)'!AH116) -> 0 | AI116: =SUM(D116:AH116) -> 248
A117: 2212002012 | B117: CUETE DE RES EN TROCITO | C117: KG | D117: =SUM(PACIENTES!D117+COMEDOR!D117+JORNADA!D117+'DIETOLOGÍA(S)'!D117) -> 0 | E117: =SUM(PACIENTES!E117+COMEDOR!E117+JORNADA!E117+'DIETOLOGÍA(S)'!E117) -> 75 | F117: =SUM(PACIENTES!F117+COMEDOR!F117+JORNADA!F117+'DIETOLOGÍA(S)'!F117) -> 0 | G117: =SUM(PACIENTES!G117+COMEDOR!G117+JORNADA!G117+'DIETOLOGÍA(S)'!G117) -> 0 | H117: =SUM(PACIENTES!H117+COMEDOR!H117+JORNADA!H117+'DIETOLOGÍA(S)'!H117) -> 0 | I117: =SUM(PACIENTES!I117+COMEDOR!I117+JORNADA!I117+'DIETOLOGÍA(S)'!I117) -> 0 | J117: =SUM(PACIENTES!J117+COMEDOR!J117+JORNADA!J117+'DIETOLOGÍA(S)'!J117) -> 0 | K117: =SUM(PACIENTES!K117+COMEDOR!K117+JORNADA!K117+'DIETOLOGÍA(S)'!K117) -> 0 | ... AH117: =SUM(PACIENTES!AH117+COMEDOR!AH117+JORNADA!AH117+'DIETOLOGÍA(S)'!AH117) -> 0 | AI117: =SUM(D117:AH117) -> 107
A118: 2212002013 | B118: FAJITAS DE RES | C118: KG | D118: =SUM(PACIENTES!D118+COMEDOR!D118+JORNADA!D118+'DIETOLOGÍA(S)'!D118) -> 0 | E118: =SUM(PACIENTES!E118+COMEDOR!E118+JORNADA!E118+'DIETOLOGÍA(S)'!E118) -> 0 | F118: =SUM(PACIENTES!F118+COMEDOR!F118+JORNADA!F118+'DIETOLOGÍA(S)'!F118) -> 0 | G118: =SUM(PACIENTES!G118+COMEDOR!G118+JORNADA!G118+'DIETOLOGÍA(S)'!G118) -> 0 | H118: =SUM(PACIENTES!H118+COMEDOR!H118+JORNADA!H118+'DIETOLOGÍA(S)'!H118) -> 80 | I118: =SUM(PACIENTES!I118+COMEDOR!I118+JORNADA!I118+'DIETOLOGÍA(S)'!I118) -> 51 | J118: =SUM(PACIENTES!J118+COMEDOR!J118+JORNADA!J118+'DIETOLOGÍA(S)'!J118) -> 0 | K118: =SUM(PACIENTES!K118+COMEDOR!K118+JORNADA!K118+'DIETOLOGÍA(S)'!K118) -> 0 | ... AH118: =SUM(PACIENTES!AH118+COMEDOR!AH118+JORNADA!AH118+'DIETOLOGÍA(S)'!AH118) -> 0 | AI118: =SUM(D118:AH118) -> 534
A119: 2212002015 | B119: MENUDO DE RES | C119: KG | D119: =SUM(PACIENTES!D119+COMEDOR!D119+JORNADA!D119+'DIETOLOGÍA(S)'!D119) -> 0 | E119: =SUM(PACIENTES!E119+COMEDOR!E119+JORNADA!E119+'DIETOLOGÍA(S)'!E119) -> 0 | F119: =SUM(PACIENTES!F119+COMEDOR!F119+JORNADA!F119+'DIETOLOGÍA(S)'!F119) -> 0 | G119: =SUM(PACIENTES!G119+COMEDOR!G119+JORNADA!G119+'DIETOLOGÍA(S)'!G119) -> 0 | H119: =SUM(PACIENTES!H119+COMEDOR!H119+JORNADA!H119+'DIETOLOGÍA(S)'!H119) -> 0 | I119: =SUM(PACIENTES!I119+COMEDOR!I119+JORNADA!I119+'DIETOLOGÍA(S)'!I119) -> 0 | J119: =SUM(PACIENTES!J119+COMEDOR!J119+JORNADA!J119+'DIETOLOGÍA(S)'!J119) -> 0 | K119: =SUM(PACIENTES!K119+COMEDOR!K119+JORNADA!K119+'DIETOLOGÍA(S)'!K119) -> 0 | ... AH119: =SUM(PACIENTES!AH119+COMEDOR!AH119+JORNADA!AH119+'DIETOLOGÍA(S)'!AH119) -> 0 | AI119: =SUM(D119:AH119) -> 0
A120: 2212002019 | B120: BISTECK DE RES BOLA | C120: KG | D120: =SUM(PACIENTES!D120+COMEDOR!D120+JORNADA!D120+'DIETOLOGÍA(S)'!D120) -> 0 | E120: =SUM(PACIENTES!E120+COMEDOR!E120+JORNADA!E120+'DIETOLOGÍA(S)'!E120) -> 0 | F120: =SUM(PACIENTES!F120+COMEDOR!F120+JORNADA!F120+'DIETOLOGÍA(S)'!F120) -> 0 | G120: =SUM(PACIENTES!G120+COMEDOR!G120+JORNADA!G120+'DIETOLOGÍA(S)'!G120) -> 0 | H120: =SUM(PACIENTES!H120+COMEDOR!H120+JORNADA!H120+'DIETOLOGÍA(S)'!H120) -> 0 | I120: =SUM(PACIENTES!I120+COMEDOR!I120+JORNADA!I120+'DIETOLOGÍA(S)'!I120) -> 0 | J120: =SUM(PACIENTES!J120+COMEDOR!J120+JORNADA!J120+'DIETOLOGÍA(S)'!J120) -> 0 | K120: =SUM(PACIENTES!K120+COMEDOR!K120+JORNADA!K120+'DIETOLOGÍA(S)'!K120) -> 0 | ... AH120: =SUM(PACIENTES!AH120+COMEDOR!AH120+JORNADA!AH120+'DIETOLOGÍA(S)'!AH120) -> 0 | AI120: =SUM(D120:AH120) -> 5
A121: 2212002020 | B121: COSTILLA DE RES CARGADA | C121: KG | D121: =SUM(PACIENTES!D121+COMEDOR!D121+JORNADA!D121+'DIETOLOGÍA(S)'!D121) -> 0 | E121: =SUM(PACIENTES!E121+COMEDOR!E121+JORNADA!E121+'DIETOLOGÍA(S)'!E121) -> 0 | F121: =SUM(PACIENTES!F121+COMEDOR!F121+JORNADA!F121+'DIETOLOGÍA(S)'!F121) -> 0 | G121: =SUM(PACIENTES!G121+COMEDOR!G121+JORNADA!G121+'DIETOLOGÍA(S)'!G121) -> 0 | H121: =SUM(PACIENTES!H121+COMEDOR!H121+JORNADA!H121+'DIETOLOGÍA(S)'!H121) -> 0 | I121: =SUM(PACIENTES!I121+COMEDOR!I121+JORNADA!I121+'DIETOLOGÍA(S)'!I121) -> 0 | J121: =SUM(PACIENTES!J121+COMEDOR!J121+JORNADA!J121+'DIETOLOGÍA(S)'!J121) -> 0 | K121: =SUM(PACIENTES!K121+COMEDOR!K121+JORNADA!K121+'DIETOLOGÍA(S)'!K121) -> 0 | ... AH121: =SUM(PACIENTES!AH121+COMEDOR!AH121+JORNADA!AH121+'DIETOLOGÍA(S)'!AH121) -> 70 | AI121: =SUM(D121:AH121) -> 302
A122: 2212002021 | B122: FALDA DE RES EN TROZO | C122: KG | D122: =SUM(PACIENTES!D122+COMEDOR!D122+JORNADA!D122+'DIETOLOGÍA(S)'!D122) -> 0 | E122: =SUM(PACIENTES!E122+COMEDOR!E122+JORNADA!E122+'DIETOLOGÍA(S)'!E122) -> 0 | F122: =SUM(PACIENTES!F122+COMEDOR!F122+JORNADA!F122+'DIETOLOGÍA(S)'!F122) -> 0 | G122: =SUM(PACIENTES!G122+COMEDOR!G122+JORNADA!G122+'DIETOLOGÍA(S)'!G122) -> 0 | H122: =SUM(PACIENTES!H122+COMEDOR!H122+JORNADA!H122+'DIETOLOGÍA(S)'!H122) -> 0 | I122: =SUM(PACIENTES!I122+COMEDOR!I122+JORNADA!I122+'DIETOLOGÍA(S)'!I122) -> 0 | J122: =SUM(PACIENTES!J122+COMEDOR!J122+JORNADA!J122+'DIETOLOGÍA(S)'!J122) -> 0 | K122: =SUM(PACIENTES!K122+COMEDOR!K122+JORNADA!K122+'DIETOLOGÍA(S)'!K122) -> 0 | ... AH122: =SUM(PACIENTES!AH122+COMEDOR!AH122+JORNADA!AH122+'DIETOLOGÍA(S)'!AH122) -> 0 | AI122: =SUM(D122:AH122) -> 106
A123: 2212002024 | B123: CHAMBERETE DE RES | C123: KG | D123: =SUM(PACIENTES!D123+COMEDOR!D123+JORNADA!D123+'DIETOLOGÍA(S)'!D123) -> 0 | E123: =SUM(PACIENTES!E123+COMEDOR!E123+JORNADA!E123+'DIETOLOGÍA(S)'!E123) -> 0 | F123: =SUM(PACIENTES!F123+COMEDOR!F123+JORNADA!F123+'DIETOLOGÍA(S)'!F123) -> 0 | G123: =SUM(PACIENTES!G123+COMEDOR!G123+JORNADA!G123+'DIETOLOGÍA(S)'!G123) -> 0 | H123: =SUM(PACIENTES!H123+COMEDOR!H123+JORNADA!H123+'DIETOLOGÍA(S)'!H123) -> 0 | I123: =SUM(PACIENTES!I123+COMEDOR!I123+JORNADA!I123+'DIETOLOGÍA(S)'!I123) -> 0 | J123: =SUM(PACIENTES!J123+COMEDOR!J123+JORNADA!J123+'DIETOLOGÍA(S)'!J123) -> 0 | K123: =SUM(PACIENTES!K123+COMEDOR!K123+JORNADA!K123+'DIETOLOGÍA(S)'!K123) -> 0 | ... AH123: =SUM(PACIENTES!AH123+COMEDOR!AH123+JORNADA!AH123+'DIETOLOGÍA(S)'!AH123) -> 0 | AI123: =SUM(D123:AH123) -> 48
A124: 2212002032 | B124: CHULETA DE RES CORTE DE 200GR C/U | C124: KG | D124: =SUM(PACIENTES!D124+COMEDOR!D124+JORNADA!D124+'DIETOLOGÍA(S)'!D124) -> 0 | E124: =SUM(PACIENTES!E124+COMEDOR!E124+JORNADA!E124+'DIETOLOGÍA(S)'!E124) -> 0 | F124: =SUM(PACIENTES!F124+COMEDOR!F124+JORNADA!F124+'DIETOLOGÍA(S)'!F124) -> 0 | G124: =SUM(PACIENTES!G124+COMEDOR!G124+JORNADA!G124+'DIETOLOGÍA(S)'!G124) -> 0 | H124: =SUM(PACIENTES!H124+COMEDOR!H124+JORNADA!H124+'DIETOLOGÍA(S)'!H124) -> 0 | I124: =SUM(PACIENTES!I124+COMEDOR!I124+JORNADA!I124+'DIETOLOGÍA(S)'!I124) -> 0 | J124: =SUM(PACIENTES!J124+COMEDOR!J124+JORNADA!J124+'DIETOLOGÍA(S)'!J124) -> 0 | K124: =SUM(PACIENTES!K124+COMEDOR!K124+JORNADA!K124+'DIETOLOGÍA(S)'!K124) -> 0 | ... AH124: =SUM(PACIENTES!AH124+COMEDOR!AH124+JORNADA!AH124+'DIETOLOGÍA(S)'!AH124) -> 0 | AI124: =SUM(D124:AH124) -> 0
... A131: 2212002044 | B131: TERNERA CON HUESO | C131: KG | D131: =SUM(PACIENTES!D131+COMEDOR!D131+JORNADA!D131+'DIETOLOGÍA(S)'!D131) -> 0 | E131: =SUM(PACIENTES!E131+COMEDOR!E131+JORNADA!E131+'DIETOLOGÍA(S)'!E131) -> 0 | F131: =SUM(PACIENTES!F131+COMEDOR!F131+JORNADA!F131+'DIETOLOGÍA(S)'!F131) -> 0 | G131: =SUM(PACIENTES!G131+COMEDOR!G131+JORNADA!G131+'DIETOLOGÍA(S)'!G131) -> 0 | H131: =SUM(PACIENTES!H131+COMEDOR!H131+JORNADA!H131+'DIETOLOGÍA(S)'!H131) -> 0 | I131: =SUM(PACIENTES!I131+COMEDOR!I131+JORNADA!I131+'DIETOLOGÍA(S)'!I131) -> 0 | J131: =SUM(PACIENTES!J131+COMEDOR!J131+JORNADA!J131+'DIETOLOGÍA(S)'!J131) -> 0 | K131: =SUM(PACIENTES!K131+COMEDOR!K131+JORNADA!K131+'DIETOLOGÍA(S)'!K131) -> 0 | ... AH131: =SUM(PACIENTES!AH131+COMEDOR!AH131+JORNADA!AH131+'DIETOLOGÍA(S)'!AH131) -> 0 | AI131: =SUM(D131:AH131) -> 0
A132: GRUPO DE ALIMENTO: POLLO
A133: 2212006001 | B133: PECHUGA DE POLLO EN FAJITAS | C133: KG | D133: =SUM(PACIENTES!D133+COMEDOR!D133+JORNADA!D133+'DIETOLOGÍA(S)'!D133) -> 125 | E133: =SUM(PACIENTES!E133+COMEDOR!E133+JORNADA!E133+'DIETOLOGÍA(S)'!E133) -> 100 | F133: =SUM(PACIENTES!F133+COMEDOR!F133+JORNADA!F133+'DIETOLOGÍA(S)'!F133) -> 0 | G133: =SUM(PACIENTES!G133+COMEDOR!G133+JORNADA!G133+'DIETOLOGÍA(S)'!G133) -> 30 | H133: =SUM(PACIENTES!H133+COMEDOR!H133+JORNADA!H133+'DIETOLOGÍA(S)'!H133) -> 145 | I133: =SUM(PACIENTES!I133+COMEDOR!I133+JORNADA!I133+'DIETOLOGÍA(S)'!I133) -> 76 | J133: =SUM(PACIENTES!J133+COMEDOR!J133+JORNADA!J133+'DIETOLOGÍA(S)'!J133) -> 0 | K133: =SUM(PACIENTES!K133+COMEDOR!K133+JORNADA!K133+'DIETOLOGÍA(S)'!K133) -> 30 | ... AH133: =SUM(PACIENTES!AH133+COMEDOR!AH133+JORNADA!AH133+'DIETOLOGÍA(S)'!AH133) -> 95 | AI133: =SUM(D133:AH133) -> 2032
A134: 2212006003 | B134: POLLO PARTIDO EN 8 PIGMENTADO SIN PIEL PESCUEZO Y MOLLEJAS | C134: KG | D134: =SUM(PACIENTES!D134+COMEDOR!D134+JORNADA!D134+'DIETOLOGÍA(S)'!D134) -> 0 | E134: =SUM(PACIENTES!E134+COMEDOR!E134+JORNADA!E134+'DIETOLOGÍA(S)'!E134) -> 0 | F134: =SUM(PACIENTES!F134+COMEDOR!F134+JORNADA!F134+'DIETOLOGÍA(S)'!F134) -> 40 | G134: =SUM(PACIENTES!G134+COMEDOR!G134+JORNADA!G134+'DIETOLOGÍA(S)'!G134) -> 0 | H134: =SUM(PACIENTES!H134+COMEDOR!H134+JORNADA!H134+'DIETOLOGÍA(S)'!H134) -> 0 | I134: =SUM(PACIENTES!I134+COMEDOR!I134+JORNADA!I134+'DIETOLOGÍA(S)'!I134) -> 0 | J134: =SUM(PACIENTES!J134+COMEDOR!J134+JORNADA!J134+'DIETOLOGÍA(S)'!J134) -> 70 | K134: =SUM(PACIENTES!K134+COMEDOR!K134+JORNADA!K134+'DIETOLOGÍA(S)'!K134) -> 0 | ... AH134: =SUM(PACIENTES!AH134+COMEDOR!AH134+JORNADA!AH134+'DIETOLOGÍA(S)'!AH134) -> 0 | AI134: =SUM(D134:AH134) -> 452
A135: 2212006004 | B135: HUEVO KILO | C135: KG | D135: =SUM(PACIENTES!D135+COMEDOR!D135+JORNADA!D135+'DIETOLOGÍA(S)'!D135) -> 75 | E135: =SUM(PACIENTES!E135+COMEDOR!E135+JORNADA!E135+'DIETOLOGÍA(S)'!E135) -> 0 | F135: =SUM(PACIENTES!F135+COMEDOR!F135+JORNADA!F135+'DIETOLOGÍA(S)'!F135) -> 70 | G135: =SUM(PACIENTES!G135+COMEDOR!G135+JORNADA!G135+'DIETOLOGÍA(S)'!G135) -> 0 | H135: =SUM(PACIENTES!H135+COMEDOR!H135+JORNADA!H135+'DIETOLOGÍA(S)'!H135) -> 25 | I135: =SUM(PACIENTES!I135+COMEDOR!I135+JORNADA!I135+'DIETOLOGÍA(S)'!I135) -> 78 | J135: =SUM(PACIENTES!J135+COMEDOR!J135+JORNADA!J135+'DIETOLOGÍA(S)'!J135) -> 47 | K135: =SUM(PACIENTES!K135+COMEDOR!K135+JORNADA!K135+'DIETOLOGÍA(S)'!K135) -> 75 | ... AH135: =SUM(PACIENTES!AH135+COMEDOR!AH135+JORNADA!AH135+'DIETOLOGÍA(S)'!AH135) -> 70 | AI135: =SUM(D135:AH135) -> 1282
A136: 2212006005 | B136: PECHUGA DE POLLO SIN HUESO PARTIDA PARA BROCHETA | C136: KG | D136: =SUM(PACIENTES!D136+COMEDOR!D136+JORNADA!D136+'DIETOLOGÍA(S)'!D136) -> 0 | E136: =SUM(PACIENTES!E136+COMEDOR!E136+JORNADA!E136+'DIETOLOGÍA(S)'!E136) -> 30 | F136: =SUM(PACIENTES!F136+COMEDOR!F136+JORNADA!F136+'DIETOLOGÍA(S)'!F136) -> 0 | G136: =SUM(PACIENTES!G136+COMEDOR!G136+JORNADA!G136+'DIETOLOGÍA(S)'!G136) -> 0 | H136: =SUM(PACIENTES!H136+COMEDOR!H136+JORNADA!H136+'DIETOLOGÍA(S)'!H136) -> 0 | I136: =SUM(PACIENTES!I136+COMEDOR!I136+JORNADA!I136+'DIETOLOGÍA(S)'!I136) -> 0 | J136: =SUM(PACIENTES!J136+COMEDOR!J136+JORNADA!J136+'DIETOLOGÍA(S)'!J136) -> 0 | K136: =SUM(PACIENTES!K136+COMEDOR!K136+JORNADA!K136+'DIETOLOGÍA(S)'!K136) -> 30 | ... AH136: =SUM(PACIENTES!AH136+COMEDOR!AH136+JORNADA!AH136+'DIETOLOGÍA(S)'!AH136) -> 45 | AI136: =SUM(D136:AH136) -> 275
A137: 2212006006 | B137: PECHUGA DE POLLO CON HUESO | C137: KG | D137: =SUM(PACIENTES!D137+COMEDOR!D137+JORNADA!D137+'DIETOLOGÍA(S)'!D137) -> 0 | E137: =SUM(PACIENTES!E137+COMEDOR!E137+JORNADA!E137+'DIETOLOGÍA(S)'!E137) -> 0 | F137: =SUM(PACIENTES!F137+COMEDOR!F137+JORNADA!F137+'DIETOLOGÍA(S)'!F137) -> 0 | G137: =SUM(PACIENTES!G137+COMEDOR!G137+JORNADA!G137+'DIETOLOGÍA(S)'!G137) -> 0 | H137: =SUM(PACIENTES!H137+COMEDOR!H137+JORNADA!H137+'DIETOLOGÍA(S)'!H137) -> 30 | I137: =SUM(PACIENTES!I137+COMEDOR!I137+JORNADA!I137+'DIETOLOGÍA(S)'!I137) -> 0 | J137: =SUM(PACIENTES!J137+COMEDOR!J137+JORNADA!J137+'DIETOLOGÍA(S)'!J137) -> 2 | K137: =SUM(PACIENTES!K137+COMEDOR!K137+JORNADA!K137+'DIETOLOGÍA(S)'!K137) -> 0 | ... AH137: =SUM(PACIENTES!AH137+COMEDOR!AH137+JORNADA!AH137+'DIETOLOGÍA(S)'!AH137) -> 0 | AI137: =SUM(D137:AH137) -> 251
A138: 2212006009 | B138: PECHUGA DE POLLO EN FILETE DE 150 GRS. C/U | C138: KG | D138: =SUM(PACIENTES!D138+COMEDOR!D138+JORNADA!D138+'DIETOLOGÍA(S)'!D138) -> 0 | E138: =SUM(PACIENTES!E138+COMEDOR!E138+JORNADA!E138+'DIETOLOGÍA(S)'!E138) -> 0 | F138: =SUM(PACIENTES!F138+COMEDOR!F138+JORNADA!F138+'DIETOLOGÍA(S)'!F138) -> 30 | G138: =SUM(PACIENTES!G138+COMEDOR!G138+JORNADA!G138+'DIETOLOGÍA(S)'!G138) -> 0 | H138: =SUM(PACIENTES!H138+COMEDOR!H138+JORNADA!H138+'DIETOLOGÍA(S)'!H138) -> 0 | I138: =SUM(PACIENTES!I138+COMEDOR!I138+JORNADA!I138+'DIETOLOGÍA(S)'!I138) -> 0 | J138: =SUM(PACIENTES!J138+COMEDOR!J138+JORNADA!J138+'DIETOLOGÍA(S)'!J138) -> 3 | K138: =SUM(PACIENTES!K138+COMEDOR!K138+JORNADA!K138+'DIETOLOGÍA(S)'!K138) -> 0 | ... AH138: =SUM(PACIENTES!AH138+COMEDOR!AH138+JORNADA!AH138+'DIETOLOGÍA(S)'!AH138) -> 0 | AI138: =SUM(D138:AH138) -> 124
A139: 2212006011 | B139: HAMBURGUESA DE POLLO CONGELADA DE 120GR | C139: PIEZA | D139: =SUM(PACIENTES!D139+COMEDOR!D139+JORNADA!D139+'DIETOLOGÍA(S)'!D139) -> 0 | E139: =SUM(PACIENTES!E139+COMEDOR!E139+JORNADA!E139+'DIETOLOGÍA(S)'!E139) -> 0 | F139: =SUM(PACIENTES!F139+COMEDOR!F139+JORNADA!F139+'DIETOLOGÍA(S)'!F139) -> 0 | G139: =SUM(PACIENTES!G139+COMEDOR!G139+JORNADA!G139+'DIETOLOGÍA(S)'!G139) -> 0 | H139: =SUM(PACIENTES!H139+COMEDOR!H139+JORNADA!H139+'DIETOLOGÍA(S)'!H139) -> 0 | I139: =SUM(PACIENTES!I139+COMEDOR!I139+JORNADA!I139+'DIETOLOGÍA(S)'!I139) -> 0 | J139: =SUM(PACIENTES!J139+COMEDOR!J139+JORNADA!J139+'DIETOLOGÍA(S)'!J139) -> 0 | K139: =SUM(PACIENTES!K139+COMEDOR!K139+JORNADA!K139+'DIETOLOGÍA(S)'!K139) -> 0 | ... AH139: =SUM(PACIENTES!AH139+COMEDOR!AH139+JORNADA!AH139+'DIETOLOGÍA(S)'!AH139) -> 0 | AI139: =SUM(D139:AH139) -> 0
A140: 2212006012 | B140: POLLO ROSTIZADO (1,200 KG C/U) | C140: PIEZA | D140: =SUM(PACIENTES!D140+COMEDOR!D140+JORNADA!D140+'DIETOLOGÍA(S)'!D140) -> 0 | E140: =SUM(PACIENTES!E140+COMEDOR!E140+JORNADA!E140+'DIETOLOGÍA(S)'!E140) -> 0 | F140: =SUM(PACIENTES!F140+COMEDOR!F140+JORNADA!F140+'DIETOLOGÍA(S)'!F140) -> 0 | G140: =SUM(PACIENTES!G140+COMEDOR!G140+JORNADA!G140+'DIETOLOGÍA(S)'!G140) -> 0 | H140: =SUM(PACIENTES!H140+COMEDOR!H140+JORNADA!H140+'DIETOLOGÍA(S)'!H140) -> 0 | I140: =SUM(PACIENTES!I140+COMEDOR!I140+JORNADA!I140+'DIETOLOGÍA(S)'!I140) -> 0 | J140: =SUM(PACIENTES!J140+COMEDOR!J140+JORNADA!J140+'DIETOLOGÍA(S)'!J140) -> 2 | K140: =SUM(PACIENTES!K140+COMEDOR!K140+JORNADA!K140+'DIETOLOGÍA(S)'!K140) -> 0 | ... AH140: =SUM(PACIENTES!AH140+COMEDOR!AH140+JORNADA!AH140+'DIETOLOGÍA(S)'!AH140) -> 0 | AI140: =SUM(D140:AH140) -> 4
A141: 2212006013 | B141: PECHUGA DE POLLO SIN HUESO | C141: KG | D141: =SUM(PACIENTES!D141+COMEDOR!D141+JORNADA!D141+'DIETOLOGÍA(S)'!D141) -> 0 | E141: =SUM(PACIENTES!E141+COMEDOR!E141+JORNADA!E141+'DIETOLOGÍA(S)'!E141) -> 0 | F141: =SUM(PACIENTES!F141+COMEDOR!F141+JORNADA!F141+'DIETOLOGÍA(S)'!F141) -> 0 | G141: =SUM(PACIENTES!G141+COMEDOR!G141+JORNADA!G141+'DIETOLOGÍA(S)'!G141) -> 0 | H141: =SUM(PACIENTES!H141+COMEDOR!H141+JORNADA!H141+'DIETOLOGÍA(S)'!H141) -> 0 | I141: =SUM(PACIENTES!I141+COMEDOR!I141+JORNADA!I141+'DIETOLOGÍA(S)'!I141) -> 0 | J141: =SUM(PACIENTES!J141+COMEDOR!J141+JORNADA!J141+'DIETOLOGÍA(S)'!J141) -> 0 | K141: =SUM(PACIENTES!K141+COMEDOR!K141+JORNADA!K141+'DIETOLOGÍA(S)'!K141) -> 0 | ... AH141: =SUM(PACIENTES!AH141+COMEDOR!AH141+JORNADA!AH141+'DIETOLOGÍA(S)'!AH141) -> 0 | AI141: =SUM(D141:AH141) -> 65
A142: GRUPO DE ALIMENTO: PESCADOS Y MARISCOS
A143: 2212007001 | B143: CAMARON FRESCO | C143: KG | D143: =SUM(PACIENTES!D143+COMEDOR!D143+JORNADA!D143+'DIETOLOGÍA(S)'!D143) -> 24 | E143: =SUM(PACIENTES!E143+COMEDOR!E143+JORNADA!E143+'DIETOLOGÍA(S)'!E143) -> 0 | F143: =SUM(PACIENTES!F143+COMEDOR!F143+JORNADA!F143+'DIETOLOGÍA(S)'!F143) -> 0 | G143: =SUM(PACIENTES!G143+COMEDOR!G143+JORNADA!G143+'DIETOLOGÍA(S)'!G143) -> 0 | H143: =SUM(PACIENTES!H143+COMEDOR!H143+JORNADA!H143+'DIETOLOGÍA(S)'!H143) -> 0 | I143: =SUM(PACIENTES!I143+COMEDOR!I143+JORNADA!I143+'DIETOLOGÍA(S)'!I143) -> 1 | J143: =SUM(PACIENTES!J143+COMEDOR!J143+JORNADA!J143+'DIETOLOGÍA(S)'!J143) -> 32 | K143: =SUM(PACIENTES!K143+COMEDOR!K143+JORNADA!K143+'DIETOLOGÍA(S)'!K143) -> 0 | ... AH143: =SUM(PACIENTES!AH143+COMEDOR!AH143+JORNADA!AH143+'DIETOLOGÍA(S)'!AH143) -> 0 | AI143: =SUM(D143:AH143) -> 90
A144: 2212007002 | B144: CAMARON SECO | C144: KG | D144: =SUM(PACIENTES!D144+COMEDOR!D144+JORNADA!D144+'DIETOLOGÍA(S)'!D144) -> 0 | E144: =SUM(PACIENTES!E144+COMEDOR!E144+JORNADA!E144+'DIETOLOGÍA(S)'!E144) -> 0 | F144: =SUM(PACIENTES!F144+COMEDOR!F144+JORNADA!F144+'DIETOLOGÍA(S)'!F144) -> 0 | G144: =SUM(PACIENTES!G144+COMEDOR!G144+JORNADA!G144+'DIETOLOGÍA(S)'!G144) -> 0 | H144: =SUM(PACIENTES!H144+COMEDOR!H144+JORNADA!H144+'DIETOLOGÍA(S)'!H144) -> 0 | I144: =SUM(PACIENTES!I144+COMEDOR!I144+JORNADA!I144+'DIETOLOGÍA(S)'!I144) -> 0 | J144: =SUM(PACIENTES!J144+COMEDOR!J144+JORNADA!J144+'DIETOLOGÍA(S)'!J144) -> 0 | K144: =SUM(PACIENTES!K144+COMEDOR!K144+JORNADA!K144+'DIETOLOGÍA(S)'!K144) -> 0 | ... AH144: =SUM(PACIENTES!AH144+COMEDOR!AH144+JORNADA!AH144+'DIETOLOGÍA(S)'!AH144) -> 0 | AI144: =SUM(D144:AH144) -> 0
A145: 2212007003 | B145: CAZON TIERNO S/ ESPINAS PIEZA | C145: KG | D145: =SUM(PACIENTES!D145+COMEDOR!D145+JORNADA!D145+'DIETOLOGÍA(S)'!D145) -> 0 | E145: =SUM(PACIENTES!E145+COMEDOR!E145+JORNADA!E145+'DIETOLOGÍA(S)'!E145) -> 0 | F145: =SUM(PACIENTES!F145+COMEDOR!F145+JORNADA!F145+'DIETOLOGÍA(S)'!F145) -> 0 | G145: =SUM(PACIENTES!G145+COMEDOR!G145+JORNADA!G145+'DIETOLOGÍA(S)'!G145) -> 0 | H145: =SUM(PACIENTES!H145+COMEDOR!H145+JORNADA!H145+'DIETOLOGÍA(S)'!H145) -> 0 | I145: =SUM(PACIENTES!I145+COMEDOR!I145+JORNADA!I145+'DIETOLOGÍA(S)'!I145) -> 0 | J145: =SUM(PACIENTES!J145+COMEDOR!J145+JORNADA!J145+'DIETOLOGÍA(S)'!J145) -> 0 | K145: =SUM(PACIENTES!K145+COMEDOR!K145+JORNADA!K145+'DIETOLOGÍA(S)'!K145) -> 0 | ... AH145: =SUM(PACIENTES!AH145+COMEDOR!AH145+JORNADA!AH145+'DIETOLOGÍA(S)'!AH145) -> 0 | AI145: =SUM(D145:AH145) -> 1
A146: 2212007004 | B146: FILETE DE PESCADO HUACHINANGO CORTE DE 150GR C/U | C146: KG | D146: =SUM(PACIENTES!D146+COMEDOR!D146+JORNADA!D146+'DIETOLOGÍA(S)'!D146) -> 0 | E146: =SUM(PACIENTES!E146+COMEDOR!E146+JORNADA!E146+'DIETOLOGÍA(S)'!E146) -> 0 | F146: =SUM(PACIENTES!F146+COMEDOR!F146+JORNADA!F146+'DIETOLOGÍA(S)'!F146) -> 0 | G146: =SUM(PACIENTES!G146+COMEDOR!G146+JORNADA!G146+'DIETOLOGÍA(S)'!G146) -> 0 | H146: =SUM(PACIENTES!H146+COMEDOR!H146+JORNADA!H146+'DIETOLOGÍA(S)'!H146) -> 0 | I146: =SUM(PACIENTES!I146+COMEDOR!I146+JORNADA!I146+'DIETOLOGÍA(S)'!I146) -> 1 | J146: =SUM(PACIENTES!J146+COMEDOR!J146+JORNADA!J146+'DIETOLOGÍA(S)'!J146) -> 0 | K146: =SUM(PACIENTES!K146+COMEDOR!K146+JORNADA!K146+'DIETOLOGÍA(S)'!K146) -> 0 | ... AH146: =SUM(PACIENTES!AH146+COMEDOR!AH146+JORNADA!AH146+'DIETOLOGÍA(S)'!AH146) -> 0 | AI146: =SUM(D146:AH146) -> 2
A147: 2212007005 | B147: MARLÍN | C147: KG | D147: =SUM(PACIENTES!D147+COMEDOR!D147+JORNADA!D147+'DIETOLOGÍA(S)'!D147) -> 0 | E147: =SUM(PACIENTES!E147+COMEDOR!E147+JORNADA!E147+'DIETOLOGÍA(S)'!E147) -> 0 | F147: =SUM(PACIENTES!F147+COMEDOR!F147+JORNADA!F147+'DIETOLOGÍA(S)'!F147) -> 0 | G147: =SUM(PACIENTES!G147+COMEDOR!G147+JORNADA!G147+'DIETOLOGÍA(S)'!G147) -> 0 | H147: =SUM(PACIENTES!H147+COMEDOR!H147+JORNADA!H147+'DIETOLOGÍA(S)'!H147) -> 0 | I147: =SUM(PACIENTES!I147+COMEDOR!I147+JORNADA!I147+'DIETOLOGÍA(S)'!I147) -> 0 | J147: =SUM(PACIENTES!J147+COMEDOR!J147+JORNADA!J147+'DIETOLOGÍA(S)'!J147) -> 0 | K147: =SUM(PACIENTES!K147+COMEDOR!K147+JORNADA!K147+'DIETOLOGÍA(S)'!K147) -> 0 | ... AH147: =SUM(PACIENTES!AH147+COMEDOR!AH147+JORNADA!AH147+'DIETOLOGÍA(S)'!AH147) -> 0 | AI147: =SUM(D147:AH147) -> 0
A148: 2212007006 | B148: SURIMI | C148: KG | D148: =SUM(PACIENTES!D148+COMEDOR!D148+JORNADA!D148+'DIETOLOGÍA(S)'!D148) -> 0 | E148: =SUM(PACIENTES!E148+COMEDOR!E148+JORNADA!E148+'DIETOLOGÍA(S)'!E148) -> 0 | F148: =SUM(PACIENTES!F148+COMEDOR!F148+JORNADA!F148+'DIETOLOGÍA(S)'!F148) -> 0 | G148: =SUM(PACIENTES!G148+COMEDOR!G148+JORNADA!G148+'DIETOLOGÍA(S)'!G148) -> 0 | H148: =SUM(PACIENTES!H148+COMEDOR!H148+JORNADA!H148+'DIETOLOGÍA(S)'!H148) -> 0 | I148: =SUM(PACIENTES!I148+COMEDOR!I148+JORNADA!I148+'DIETOLOGÍA(S)'!I148) -> 0 | J148: =SUM(PACIENTES!J148+COMEDOR!J148+JORNADA!J148+'DIETOLOGÍA(S)'!J148) -> 0 | K148: =SUM(PACIENTES!K148+COMEDOR!K148+JORNADA!K148+'DIETOLOGÍA(S)'!K148) -> 0 | ... AH148: =SUM(PACIENTES!AH148+COMEDOR!AH148+JORNADA!AH148+'DIETOLOGÍA(S)'!AH148) -> 0 | AI148: =SUM(D148:AH148) -> 0
A149: 2212007007 | B149: FILETE DE PESCADO CAZON EN CUBITO | C149: KG | D149: =SUM(PACIENTES!D149+COMEDOR!D149+JORNADA!D149+'DIETOLOGÍA(S)'!D149) -> 0 | E149: =SUM(PACIENTES!E149+COMEDOR!E149+JORNADA!E149+'DIETOLOGÍA(S)'!E149) -> 0 | F149: =SUM(PACIENTES!F149+COMEDOR!F149+JORNADA!F149+'DIETOLOGÍA(S)'!F149) -> 0 | G149: =SUM(PACIENTES!G149+COMEDOR!G149+JORNADA!G149+'DIETOLOGÍA(S)'!G149) -> 0 | H149: =SUM(PACIENTES!H149+COMEDOR!H149+JORNADA!H149+'DIETOLOGÍA(S)'!H149) -> 0 | I149: =SUM(PACIENTES!I149+COMEDOR!I149+JORNADA!I149+'DIETOLOGÍA(S)'!I149) -> 0 | J149: =SUM(PACIENTES!J149+COMEDOR!J149+JORNADA!J149+'DIETOLOGÍA(S)'!J149) -> 0 | K149: =SUM(PACIENTES!K149+COMEDOR!K149+JORNADA!K149+'DIETOLOGÍA(S)'!K149) -> 0 | ... AH149: =SUM(PACIENTES!AH149+COMEDOR!AH149+JORNADA!AH149+'DIETOLOGÍA(S)'!AH149) -> 0 | AI149: =SUM(D149:AH149) -> 0
A150: 2212007008 | B150: HUACHINANGO TROZO S/ESPINAS SIN CABEZA, ESCAMAS BRILLANTES Y PAGADAS A LA PIEL | C150: KG | D150: =SUM(PACIENTES!D150+COMEDOR!D150+JORNADA!D150+'DIETOLOGÍA(S)'!D150) -> 85 | E150: =SUM(PACIENTES!E150+COMEDOR!E150+JORNADA!E150+'DIETOLOGÍA(S)'!E150) -> 0 | F150: =SUM(PACIENTES!F150+COMEDOR!F150+JORNADA!F150+'DIETOLOGÍA(S)'!F150) -> 0 | G150: =SUM(PACIENTES!G150+COMEDOR!G150+JORNADA!G150+'DIETOLOGÍA(S)'!G150) -> 0 | H150: =SUM(PACIENTES!H150+COMEDOR!H150+JORNADA!H150+'DIETOLOGÍA(S)'!H150) -> 0 | I150: =SUM(PACIENTES!I150+COMEDOR!I150+JORNADA!I150+'DIETOLOGÍA(S)'!I150) -> 0 | J150: =SUM(PACIENTES!J150+COMEDOR!J150+JORNADA!J150+'DIETOLOGÍA(S)'!J150) -> 0 | K150: =SUM(PACIENTES!K150+COMEDOR!K150+JORNADA!K150+'DIETOLOGÍA(S)'!K150) -> 0 | ... AH150: =SUM(PACIENTES!AH150+COMEDOR!AH150+JORNADA!AH150+'DIETOLOGÍA(S)'!AH150) -> 0 | AI150: =SUM(D150:AH150) -> 215
A151: 2212007009 | B151: PULPO LIMPIO FRESCO SIN CONGELAR | C151: KG | D151: =SUM(PACIENTES!D151+COMEDOR!D151+JORNADA!D151+'DIETOLOGÍA(S)'!D151) -> 24 | E151: =SUM(PACIENTES!E151+COMEDOR!E151+JORNADA!E151+'DIETOLOGÍA(S)'!E151) -> 0 | F151: =SUM(PACIENTES!F151+COMEDOR!F151+JORNADA!F151+'DIETOLOGÍA(S)'!F151) -> 0 | G151: =SUM(PACIENTES!G151+COMEDOR!G151+JORNADA!G151+'DIETOLOGÍA(S)'!G151) -> 0 | H151: =SUM(PACIENTES!H151+COMEDOR!H151+JORNADA!H151+'DIETOLOGÍA(S)'!H151) -> 0 | I151: =SUM(PACIENTES!I151+COMEDOR!I151+JORNADA!I151+'DIETOLOGÍA(S)'!I151) -> 0 | J151: =SUM(PACIENTES!J151+COMEDOR!J151+JORNADA!J151+'DIETOLOGÍA(S)'!J151) -> 0 | K151: =SUM(PACIENTES!K151+COMEDOR!K151+JORNADA!K151+'DIETOLOGÍA(S)'!K151) -> 0 | ... AH151: =SUM(PACIENTES!AH151+COMEDOR!AH151+JORNADA!AH151+'DIETOLOGÍA(S)'!AH151) -> 0 | AI151: =SUM(D151:AH151) -> 44
A152: 2212007010 | B152: TROZO DE PESCADO | C152: KG | D152: =SUM(PACIENTES!D152+COMEDOR!D152+JORNADA!D152+'DIETOLOGÍA(S)'!D152) -> 0 | E152: =SUM(PACIENTES!E152+COMEDOR!E152+JORNADA!E152+'DIETOLOGÍA(S)'!E152) -> 0 | F152: =SUM(PACIENTES!F152+COMEDOR!F152+JORNADA!F152+'DIETOLOGÍA(S)'!F152) -> 0 | G152: =SUM(PACIENTES!G152+COMEDOR!G152+JORNADA!G152+'DIETOLOGÍA(S)'!G152) -> 0 | H152: =SUM(PACIENTES!H152+COMEDOR!H152+JORNADA!H152+'DIETOLOGÍA(S)'!H152) -> 0 | I152: =SUM(PACIENTES!I152+COMEDOR!I152+JORNADA!I152+'DIETOLOGÍA(S)'!I152) -> 0 | J152: =SUM(PACIENTES!J152+COMEDOR!J152+JORNADA!J152+'DIETOLOGÍA(S)'!J152) -> 0 | K152: =SUM(PACIENTES!K152+COMEDOR!K152+JORNADA!K152+'DIETOLOGÍA(S)'!K152) -> 0 | ... AH152: =SUM(PACIENTES!AH152+COMEDOR!AH152+JORNADA!AH152+'DIETOLOGÍA(S)'!AH152) -> 0 | AI152: =SUM(D152:AH152) -> 25
A153: GRUPO DE ALIMENTO: EMBUTIDOS
A154: 2212003002 | B154: CHORIZO | C154: KG | D154: =SUM(PACIENTES!D154+COMEDOR!D154+JORNADA!D154+'DIETOLOGÍA(S)'!D154) -> 0 | E154: =SUM(PACIENTES!E154+COMEDOR!E154+JORNADA!E154+'DIETOLOGÍA(S)'!E154) -> 0 | F154: =SUM(PACIENTES!F154+COMEDOR!F154+JORNADA!F154+'DIETOLOGÍA(S)'!F154) -> 0 | G154: =SUM(PACIENTES!G154+COMEDOR!G154+JORNADA!G154+'DIETOLOGÍA(S)'!G154) -> 0 | H154: =SUM(PACIENTES!H154+COMEDOR!H154+JORNADA!H154+'DIETOLOGÍA(S)'!H154) -> 0 | I154: =SUM(PACIENTES!I154+COMEDOR!I154+JORNADA!I154+'DIETOLOGÍA(S)'!I154) -> 1 | J154: =SUM(PACIENTES!J154+COMEDOR!J154+JORNADA!J154+'DIETOLOGÍA(S)'!J154) -> 1 | K154: =SUM(PACIENTES!K154+COMEDOR!K154+JORNADA!K154+'DIETOLOGÍA(S)'!K154) -> 0 | ... AH154: =SUM(PACIENTES!AH154+COMEDOR!AH154+JORNADA!AH154+'DIETOLOGÍA(S)'!AH154) -> 0 | AI154: =SUM(D154:AH154) -> 4
A155: 2212003003 | B155: JAMON DE PECHUGA DE PAVO REBANADA DE 30 G | C155: KG | D155: =SUM(PACIENTES!D155+COMEDOR!D155+JORNADA!D155+'DIETOLOGÍA(S)'!D155) -> 2 | E155: =SUM(PACIENTES!E155+COMEDOR!E155+JORNADA!E155+'DIETOLOGÍA(S)'!E155) -> 2 | F155: =SUM(PACIENTES!F155+COMEDOR!F155+JORNADA!F155+'DIETOLOGÍA(S)'!F155) -> 2 | G155: =SUM(PACIENTES!G155+COMEDOR!G155+JORNADA!G155+'DIETOLOGÍA(S)'!G155) -> 12 | H155: =SUM(PACIENTES!H155+COMEDOR!H155+JORNADA!H155+'DIETOLOGÍA(S)'!H155) -> 21 | I155: =SUM(PACIENTES!I155+COMEDOR!I155+JORNADA!I155+'DIETOLOGÍA(S)'!I155) -> 17 | J155: =SUM(PACIENTES!J155+COMEDOR!J155+JORNADA!J155+'DIETOLOGÍA(S)'!J155) -> 25 | K155: =SUM(PACIENTES!K155+COMEDOR!K155+JORNADA!K155+'DIETOLOGÍA(S)'!K155) -> 2 | ... AH155: =SUM(PACIENTES!AH155+COMEDOR!AH155+JORNADA!AH155+'DIETOLOGÍA(S)'!AH155) -> 2 | AI155: =SUM(D155:AH155) -> 217
A156: 2212003004 | B156: JAMON DE PIERNA REBANADA DE 100GR | C156: KG | D156: =SUM(PACIENTES!D156+COMEDOR!D156+JORNADA!D156+'DIETOLOGÍA(S)'!D156) -> 0 | E156: =SUM(PACIENTES!E156+COMEDOR!E156+JORNADA!E156+'DIETOLOGÍA(S)'!E156) -> 0 | F156: =SUM(PACIENTES!F156+COMEDOR!F156+JORNADA!F156+'DIETOLOGÍA(S)'!F156) -> 0 | G156: =SUM(PACIENTES!G156+COMEDOR!G156+JORNADA!G156+'DIETOLOGÍA(S)'!G156) -> 0 | H156: =SUM(PACIENTES!H156+COMEDOR!H156+JORNADA!H156+'DIETOLOGÍA(S)'!H156) -> 0 | I156: =SUM(PACIENTES!I156+COMEDOR!I156+JORNADA!I156+'DIETOLOGÍA(S)'!I156) -> 0 | J156: =SUM(PACIENTES!J156+COMEDOR!J156+JORNADA!J156+'DIETOLOGÍA(S)'!J156) -> 0 | K156: =SUM(PACIENTES!K156+COMEDOR!K156+JORNADA!K156+'DIETOLOGÍA(S)'!K156) -> 0 | ... AH156: =SUM(PACIENTES!AH156+COMEDOR!AH156+JORNADA!AH156+'DIETOLOGÍA(S)'!AH156) -> 0 | AI156: =SUM(D156:AH156) -> 0
...

Sheet RECEPCIÓN
B1: DESCRIPCIÓN | C1: UNIDAD DE MEDIDA | D1: 1 | E1: 2 | F1: 3 | G1: 4 | H1: 5 | I1: 6 | J1: 7 | K1: 8 | L1: 9 | M1: 10 | N1: 11 | O1: 12 | P1: 13 | Q1: 14 | R1: 15 | S1: 16 | T1: 17 | U1: 18 | V1: 19 | W1: 20 | X1: 21 | Y1: 22 | Z1: 23 | AA1: 24 | AB1: 25 | AC1: 26 | AD1: 27 | AE1: 28 | AF1: 29 | AG1: 30 | AH1: 31 | AI1: TOTAL
A3: GRUPO DE ALIMENTO: FRUTA
A4: 2212004001 | B4: CIRUELA ROJA | C4: KG | AI4: =SUM(D4:AH4) -> 0
A5: 2212004002 | B5: CAÑA DE AZUCAR | C5: PIEZA | AI5: =SUM(D5:AH5) -> 0
A6: 2212004003 | B6: CIRUELA AMARILLA | C6: KG | AI6: =SUM(D6:AH6) -> 0
A7: 2212004004 | B7: DURAZNO | C7: KG | AI7: =SUM(D7:AH7) -> 0
A8: 2212004005 | B8: FRESA | C8: KG | AI8: =SUM(D8:AH8) -> 0
A9: 2212004006 | B9: GUAYABA | C9: KG | AI9: =SUM(D9:AH9) -> 0
A10: 2212004007 | B10: JICAMA | C10: KG | AI10: =SUM(D10:AH10) -> 0
A11: 2212004008 | B11: LIMA | C11: KG | AI11: =SUM(D11:AH11) -> 0
A12: 2212004009 | B12: MANDARINA | C12: KG | AI12: =SUM(D12:AH12) -> 0
A13: 2212004011 | B13: MANZANA DELICIA | C13: KG | AI13: =SUM(D13:AH13) -> 0
A14: 2212004012 | B14: MANZANA GOLDEN | C14: KG | AI14: =SUM(D14:AH14) -> 0
A15: 2212004013 | B15: MELON CANTALUP | C15: KG | AI15: =SUM(D15:AH15) -> 0
... A34: 2212004038 | B34: GRANADA CHINA | C34: PIEZA | AI34: =SUM(D34:AH34) -> 0
A35: GRUPO DE ALIMENTO: VERDURA
A36: 2212010003 | B36: CHILE JALAPEÑO | C36: KG | AI36: =SUM(D36:AH36) -> 0
A37: 2212010004 | B37: CHAMPIÑONES | C37: KG | AI37: =SUM(D37:AH37) -> 0
A38: 2212010005 | B38: TE DE LIMON | C38: MANOJO | AI38: =SUM(D38:AH38) -> 0
A39: 2212010006 | B39: TOMILLO FRESCO | C39: MANOJO | AI39: =SUM(D39:AH39) -> 0
A40: 2212010007 | B40: ACELGA | C40: MANOJO | AI40: =SUM(D40:AH40) -> 0
A41: 2212010008 | B41: AGUACATE | C41: KG | AI41: =SUM(D41:AH41) -> 0
A42: 2212010009 | B42: APIO | C42: KG | AI42: =SUM(D42:AH42) -> 0
A43: 2212010010 | B43: BETABEL | C43: MANOJO | AI43: =SUM(D43:AH43) -> 0
A44: 2212010011 | B44: BROCOLI | C44: KG | AI44: =SUM(D44:AH44) -> 0
A45: 2212010012 | B45: CALABACITA ITALIANA | C45: KG | AI45: =SUM(D45:AH45) -> 0
A46: 2212010013 | B46: CALABAZA DURA | C46: KG | AI46: =SUM(D46:AH46) -> 0
A47: 2212010014 | B47: CAMOTE AMARILLO | C47: KG | AI47: =SUM(D47:AH47) -> 0
... A89: 2212004040 | B89: RABANO CHAMPION SIN RABO | C89: KG | AI89: =SUM(D89:AH89) -> 0
A90: GRUPO DE ALIMENTO: CERDO
A91: 2212002001 | B91: FAJITAS DE CERDO | C91: KG | AI91: =SUM(D91:AH91) -> 0
A92: 2212002004 | B92: CARNAZA DE CERDO EN TROZO | C92: KG | AI92: =SUM(D92:AH92) -> 0
A93: 2212002007 | B93: CARNE MOLIDA DE CERDO POCA GRASA | C93: KG | AI93: =SUM(D93:AH93) -> 0
A94: 2212002009 | B94: CHAMORRO DE CERDO PARTIDO | C94: KG | AI94: =SUM(D94:AH94) -> 0
A95: 2212002010 | B95: CHULETA DE CERDO AHUMADA CORTE DE 120GR C/U | C95: KG | AI95: =SUM(D95:AH95) -> 0
A96: 2212002011 | B96: COSTILLA DE CERDO EN TROCITO | C96: KG | AI96: =SUM(D96:AH96) -> 0
A97: 2212002014 | B97: LOMO DE CERDO | C97: KG | AI97: =SUM(D97:AH97) -> 0
A98: 2212002016 | B98: MILANESA DE CERDO | C98: KG | AI98: =SUM(D98:AH98) -> 0
A99: 2212002018 | B99: PIERNA DE CERDO EN TROZO CORTE DE 3 KILOS | C99: KG | AI99: =SUM(D99:AH99) -> 0
A100: 2212002022 | B100: PIERNA DE CERDO EN TROCITO | C100: KG | AI100: =SUM(D100:AH100) -> 0
A101: 2212002023 | B101: CARNITAS | C101: KG | AI101: =SUM(D101:AH101) -> 0
A102: 2212002025 | B102: CABEZA DE CERDO PARTIDA | C102: KG | AI102: =SUM(D102:AH102) -> 0
... A111: 2212002046 | B111: LOMO MECHADO | C111: KG | AI111: =SUM(D111:AH111) -> 0
A112: GRUPO DE ALIMENTO: RES
A113: 2212002003 | B113: BISTECK DE RES AGUAYON PARA BROCHETA | C113: KG | AI113: =SUM(D113:AH113) -> 0
A114: 2212002005 | B114: CARNE DE RES PARA COCIDO CON PLATANO Y POCO HUESO | C114: KG | AI114: =SUM(D114:AH114) -> 0
A115: 2212002006 | B115: CARNE DE RES PARA DESHEBRAR CORTE DE KILO | C115: KG | AI115: =SUM(D115:AH115) -> 0
A116: 2212002008 | B116: CARNE MOLIDA DE RES POCA GRASA | C116: KG | AI116: =SUM(D116:AH116) -> 0
A117: 2212002012 | B117: CUETE DE RES EN TROCITO | C117: KG | AI117: =SUM(D117:AH117) -> 0
A118: 2212002013 | B118: FAJITAS DE RES | C118: KG | AI118: =SUM(D118:AH118) -> 0
A119: 2212002015 | B119: MENUDO DE RES | C119: KG | AI119: =SUM(D119:AH119) -> 0
A120: 2212002019 | B120: BISTECK DE RES BOLA | C120: KG | AI120: =SUM(D120:AH120) -> 0
A121: 2212002020 | B121: COSTILLA DE RES CARGADA | C121: KG | AI121: =SUM(D121:AH121) -> 0
A122: 2212002021 | B122: FALDA DE RES EN TROZO | C122: KG | AI122: =SUM(D122:AH122) -> 0
A123: 2212002024 | B123: CHAMBERETE DE RES | C123: KG | AI123: =SUM(D123:AH123) -> 0
A124: 2212002032 | B124: CHULETA DE RES CORTE DE 200GR C/U | C124: KG | AI124: =SUM(D124:AH124) -> 0
... A131: 2212002044 | B131: TERNERA CON HUESO | C131: KG | AI131: =SUM(D131:AH131) -> 0
A132: GRUPO DE ALIMENTO: POLLO
A133: 2212006001 | B133: PECHUGA DE POLLO EN FAJITAS | C133: KG | AI133: =SUM(D133:AH133) -> 0
A134: 2212006003 | B134: POLLO PARTIDO EN 8 PIGMENTADO SIN PIEL PESCUEZO Y MOLLEJAS | C134: KG | AI134: =SUM(D134:AH134) -> 0
A135: 2212006004 | B135: HUEVO KILO | C135: KG | AI135: =SUM(D135:AH135) -> 0
A136: 2212006005 | B136: PECHUGA DE POLLO SIN HUESO PARTIDA PARA BROCHETA | C136: KG | AI136: =SUM(D136:AH136) -> 0
A137: 2212006006 | B137: PECHUGA DE POLLO CON HUESO | C137: KG | AI137: =SUM(D137:AH137) -> 0
A138: 2212006009 | B138: PECHUGA DE POLLO EN FILETE DE 150 GRS. C/U | C138: KG | AI138: =SUM(D138:AH138) -> 0
A139: 2212006011 | B139: HAMBURGUESA DE POLLO CONGELADA DE 120GR | C139: PIEZA | AI139: =SUM(D139:AH139) -> 0
A140: 2212006012 | B140: POLLO ROSTIZADO (1,200 KG C/U) | C140: PIEZA | AI140: =SUM(D140:AH140) -> 0
A141: 2212006013 | B141: PECHUGA DE POLLO SIN HUESO | C141: KG | AI141: =SUM(D141:AH141) -> 0
A142: GRUPO DE ALIMENTO: PESCADOS Y MARISCOS
A143: 2212007001 | B143: CAMARON FRESCO | C143: KG | AI143: =SUM(D143:AH143) -> 0
A144: 2212007002 | B144: CAMARON SECO | C144: KG | AI144: =SUM(D144:AH144) -> 0
A145: 2212007003 | B145: CAZON TIERNO S/ ESPINAS PIEZA | C145: KG | AI145: =SUM(D145:AH145) -> 0
A146: 2212007004 | B146: FILETE DE PESCADO HUACHINANGO CORTE DE 150GR C/U | C146: KG | AI146: =SUM(D146:AH146) -> 0
A147: 2212007005 | B147: MARLÍN | C147: KG | AI147: =SUM(D147:AH147) -> 0
A148: 2212007006 | B148: SURIMI | C148: KG | AI148: =SUM(D148:AH148) -> 0
A149: 2212007007 | B149: FILETE DE PESCADO CAZON EN CUBITO | C149: KG | AI149: =SUM(D149:AH149) -> 0
A150: 2212007008 | B150: HUACHINANGO TROZO S/ESPINAS SIN CABEZA, ESCAMAS BRILLANTES Y PAGADAS A LA PIEL | C150: KG | AI150: =SUM(D150:AH150) -> 0
A151: 2212007009 | B151: PULPO LIMPIO FRESCO SIN CONGELAR | C151: KG | AI151: =SUM(D151:AH151) -> 0
A152: 2212007010 | B152: TROZO DE PESCADO | C152: KG | AI152: =SUM(D152:AH152) -> 0
A153: GRUPO DE ALIMENTO: EMBUTIDOS
A154: 2212003002 | B154: CHORIZO | C154: KG | AI154: =SUM(D154:AH154) -> 0
A155: 2212003003 | B155: JAMON DE PECHUGA DE PAVO REBANADA DE 30 G | C155: KG | AI155: =SUM(D155:AH155) -> 0
A156: 2212003004 | B156: JAMON DE PIERNA REBANADA DE 100GR | C156: KG | AI156: =SUM(D156:AH156) -> 0
A157: 2212003008 | B157: TOCINO REBANADO | C157: KG | AI157: =SUM(D157:AH157) -> 0
A158: 2212003009 | B158: TOCINO REBANADA GRUESA | C158: KG | AI158: =SUM(D158:AH158) -> 0
A159: 2212003010 | B159: CHORIZO DE SOYA | C159: KG | AI159: =SUM(D159:AH159) -> 0
A160: 2212003011 | B160: JAMÓN PIERNA REBANADA DE 30GR | C160: KG | AI160: =SUM(D160:AH160) -> 0
A161: 2212003012 | B161: SALCHICHA DE PAVO | C161: KG | AI161: =SUM(D161:AH161) -> 0
A162: 2212003013 | B162: SALAMI REBANADO | C162: KG | AI162: =SUM(D162:AH162) -> 0
A163: 2212003017 | B163: JAMON DE PIERNA YORK | C163: KG | AI163: =SUM(D163:AH163) -> 0
A164: GRUPO DE ALIMENTO: LÁCTEOS
A165: 2212001196 | B165: LECHE DESLACTOSADA LIGHT LITRO | C165: LITRO | AI165: =SUM(D165:AH165) -> 0
A166: 2212005007 | B166: LECHE PASTEURIZADA DESCREMADA TETRAPAK | C166: LITRO | AI166: =SUM(D166:AH166) -> 0
A167: 2212005010 | B167: QUESO ADOBERA OREADO pasteurizado | C167: KG | AI167: =SUM(D167:AH167) -> 0
A168: 2212005011 | B168: QUESO PARMESANO pasteurizado | C168: FCO. | AI168: =SUM(D168:AH168) -> 0
A169: 2212007012 | B169: CREMA ENTERA ACIDIFICADA PASTEURIZADA, BOTE DE 900 ML | C169: BOTE | AI169: =SUM(D169:AH169) -> 0
A170: 2212005015 | B170: LECHE PASTEURIZADA FRESCA | C170: LITRO | AI170: =SUM(D170:AH170) -> 0
A171: 2212005016 | B171: MANTEQUILLA CON SAL EN BARRA KILO | C171: KG | AI171: =SUM(D171:AH171) -> 0
A172: 2212005017 | B172: QUESO ADOBERA pasteurizado | C172: KG | AI172: =SUM(D172:AH172) -> 0
A173: 2212005018 | B173: QUESO AMARILLO pasteurizado | C173: KG | AI173: =SUM(D173:AH173) -> 0
A174: 2212005019 | B174: QUESO ASADERO EN BARRA pasteurizado | C174: KG | AI174: =SUM(D174:AH174) -> 0
...

Sheet PACIENTES
A1: CÓDIGO | B1: DESCRIPCIÓN | C1: UNIDAD DE MEDIDA | D1: 1 | E1: 2 | F1: 3 | G1: 4 | H1: 5 | I1: 6 | J1: 7 | K1: 8 | L1: 9 | M1: 10 | N1: 11 | O1: 12 | P1: 13 | Q1: 14 | R1: 15 | S1: 16 | T1: 17 | U1: 18 | V1: 19 | W1: 20 | X1: 21 | Y1: 22 | Z1: 23 | AA1: 24 | AB1: 25 | AC1: 26 | AD1: 27 | AE1: 28 | AF1: 29 | AG1: 30 | AH1: 31 | AI1: TOTAL
A3: GRUPO DE ALIMENTO: FRUTA
A4: 2212004001 | B4: CIRUELA ROJA | C4: KG | D4: 0 | E4: 0 | F4: 0 | G4: 0 | H4: 0 | I4: 0 | J4: 0 | K4: 0 | L4: 0 | M4: 0 | N4: 0 | O4: 0 | P4: 0 | Q4: 0 | R4: 0 | S4: 0 | T4: 0 | U4: 0 | V4: 0 | W4: 0 | X4: 0 | Y4: 0 | Z4: 0 | AA4: 0 | AB4: 0 | AC4: 0 | AD4: 0 | AE4: 0 | AF4: 0 | AG4: 0 | AH4: 0 | AI4: =SUM(D4:AH4) -> 0
A5: 2212004002 | B5: CAÑA DE AZUCAR | C5: PIEZA | D5: 0 | E5: 0 | F5: 0 | G5: 0 | H5: 0 | I5: 0 | J5: 0 | K5: 0 | L5: 0 | M5: 0 | N5: 0 | O5: 0 | P5: 0 | Q5: 0 | R5: 0 | S5: 0 | T5: 0 | U5: 0 | V5: 0 | W5: 0 | X5: 0 | Y5: 0 | Z5: 0 | AA5: 0 | AB5: 0 | AC5: 0 | AD5: 0 | AE5: 0 | AF5: 0 | AG5: 0 | AH5: 0 | AI5: =SUM(D5:AH5) -> 0
A6: 2212004003 | B6: CIRUELA AMARILLA | C6: KG | D6: 0 | E6: 0 | F6: 0 | G6: 0 | H6: 0 | I6: 0 | J6: 0 | K6: 0 | L6: 0 | M6: 0 | N6: 0 | O6: 0 | P6: 0 | Q6: 0 | R6: 0 | S6: 0 | T6: 0 | U6: 0 | V6: 0 | W6: 0 | X6: 0 | Y6: 0 | Z6: 0 | AA6: 0 | AB6: 0 | AC6: 0 | AD6: 0 | AE6: 0 | AF6: 0 | AG6: 0 | AH6: 0 | AI6: =SUM(D6:AH6) -> 0
A7: 2212004004 | B7: DURAZNO | C7: KG | D7: 0 | E7: 30 | F7: 0 | G7: 0 | H7: 0 | I7: 0 | J7: 0 | K7: 0 | L7: 0 | M7: 0 | N7: 0 | O7: 0 | P7: 30 | Q7: 0 | R7: 0 | S7: 0 | T7: 0 | U7: 0 | V7: 0 | W7: 0 | X7: 0 | Y7: 0 | Z7: 0 | AA7: 0 | AB7: 0 | AC7: 30 | AD7: 0 | AE7: 30 | AF7: 0 | AG7: 0 | AH7: 0 | AI7: =SUM(D7:AH7) -> 120
A8: 2212004005 | B8: FRESA | C8: KG | D8: 0 | E8: 0 | F8: 0 | G8: 0 | H8: 0 | I8: 0 | J8: 0 | K8: 0 | L8: 0 | M8: 0 | N8: 0 | O8: 0 | P8: 0 | Q8: 0 | R8: 0 | S8: 0 | T8: 0 | U8: 0 | V8: 0 | W8: 0 | X8: 0 | Y8: 0 | Z8: 0 | AA8: 0 | AB8: 0 | AC8: 0 | AD8: 0 | AE8: 0 | AF8: 0 | AG8: 0 | AH8: 0 | AI8: =SUM(D8:AH8) -> 0
A9: 2212004006 | B9: GUAYABA | C9: KG | D9: 0 | E9: 30 | F9: 0 | G9: 0 | H9: 30 | I9: 0 | J9: 0 | K9: 0 | L9: 30 | M9: 0 | N9: 0 | O9: 0 | P9: 30 | Q9: 0 | R9: 0 | S9: 0 | T9: 0 | U9: 0 | V9: 0 | W9: 30 | X9: 0 | Y9: 0 | Z9: 0 | AA9: 0 | AB9: 0 | AC9: 30 | AD9: 30 | AE9: 30 | AF9: 0 | AG9: 0 | AH9: 0 | AI9: =SUM(D9:AH9) -> 240
A10: 2212004007 | B10: JICAMA | C10: KG | D10: 0 | E10: 0 | F10: 0 | G10: 0 | H10: 0 | I10: 0 | J10: 0 | K10: 0 | L10: 0 | M10: 0 | N10: 0 | O10: 0 | P10: 0 | Q10: 0 | R10: 0 | S10: 0 | T10: 0 | U10: 0 | V10: 0 | W10: 0 | X10: 0 | Y10: 0 | Z10: 0 | AA10: 0 | AB10: 0 | AC10: 0 | AD10: 0 | AE10: 0 | AF10: 0 | AG10: 0 | AH10: 0 | AI10: =SUM(D10:AH10) -> 0
A11: 2212004008 | B11: LIMA | C11: KG | D11: 0 | E11: 0 | F11: 0 | G11: 0 | H11: 0 | I11: 0 | J11: 0 | K11: 0 | L11: 0 | M11: 0 | N11: 0 | O11: 0 | P11: 0 | Q11: 0 | R11: 0 | S11: 0 | T11: 0 | U11: 0 | V11: 0 | W11: 0 | X11: 0 | Y11: 0 | Z11: 0 | AA11: 0 | AB11: 0 | AC11: 0 | AD11: 0 | AE11: 0 | AF11: 0 | AG11: 0 | AH11: 0 | AI11: =SUM(D11:AH11) -> 0
A12: 2212004009 | B12: MANDARINA | C12: KG | D12: 0 | E12: 0 | F12: 0 | G12: 0 | H12: 0 | I12: 0 | J12: 0 | K12: 0 | L12: 0 | M12: 0 | N12: 0 | O12: 0 | P12: 0 | Q12: 0 | R12: 0 | S12: 0 | T12: 0 | U12: 0 | V12: 0 | W12: 0 | X12: 0 | Y12: 0 | Z12: 0 | AA12: 0 | AB12: 0 | AC12: 0 | AD12: 0 | AE12: 0 | AF12: 0 | AG12: 0 | AH12: 0 | AI12: =SUM(D12:AH12) -> 0
A13: 2212004011 | B13: MANZANA DELICIA | C13: KG | D13: 23 | E13: 8 | F13: 0 | G13: 0 | H13: 15 | I13: 0 | J13: 0 | K13: 45 | L13: 15 | M13: 0 | N13: 0 | O13: 0 | P13: 8 | Q13: 45 | R13: 36 | S13: 23 | T13: 0 | U13: 0 | V13: 45 | W13: 15 | X13: 0 | Y13: 0 | Z13: 45 | AA13: 0 | AB13: 0 | AC13: 8 | AD13: 0 | AE13: 8 | AF13: 45 | AG13: 36 | AH13: 0 | AI13: =SUM(D13:AH13) -> 420
A14: 2212004012 | B14: MANZANA GOLDEN | C14: KG | D14: 15 | E14: 15 | F14: 0 | G14: 0 | H14: 15 | I14: 60 | J14: 60 | K14: 15 | L14: 15 | M14: 0 | N14: 0 | O14: 0 | P14: 30 | Q14: 15 | R14: 75 | S14: 15 | T14: 0 | U14: 0 | V14: 15 | W14: 15 | X14: 60 | Y14: 60 | Z14: 15 | AA14: 0 | AB14: 0 | AC14: 30 | AD14: 60 | AE14: 30 | AF14: 15 | AG14: 75 | AH14: 0 | AI14: =SUM(D14:AH14) -> 705
A15: 2212004013 | B15: MELON CANTALUP | C15: KG | D15: 50 | E15: 0 | F15: 0 | G15: 0 | H15: 50 | I15: 0 | J15: 0 | K15: 0 | L15: 50 | M15: 0 | N15: 0 | O15: 0 | P15: 0 | Q15: 0 | R15: 0 | S15: 50 | T15: 0 | U15: 0 | V15: 0 | W15: 50 | X15: 0 | Y15: 0 | Z15: 0 | AA15: 0 | AB15: 0 | AC15: 0 | AD15: 0 | AE15: 0 | AF15: 0 | AG15: 0 | AH15: 0 | AI15: =SUM(D15:AH15) -> 250
... A89: 2212004040 | B89: RABANO CHAMPION SIN RABO | C89: KG | D89: 0 | E89: 0 | F89: 0 | G89: 0 | H89: 0 | I89: 0 | J89: 0 | K89: 0 | L89: 0 | M89: 0 | N89: 0 | O89: 0 | P89: 0 | Q89: 0 | R89: 0 | S89: 0 | T89: 0 | U89: 0 | V89: 0 | W89: 0 | X89: 0 | Y89: 0 | Z89: 0 | AA89: 0 | AB89: 0 | AC89: 0 | AD89: 0 | AE89: 0 | AF89: 0 | AG89: 0 | AH89: 0 | AI89: =SUM(D89:AH89) -> 0
A90: GRUPO DE ALIMENTO: CERDO
A91: 2212002001 | B91: FAJITAS DE CERDO | C91: KG | D91: 0 | E91: 0 | F91: 0 | G91: 0 | H91: 0 | I91: 0 | J91: 0 | K91: 0 | L91: 0 | M91: 0 | N91: 0 | O91: 0 | P91: 0 | Q91: 0 | R91: 0 | S91: 0 | T91: 0 | U91: 0 | V91: 0 | W91: 0 | X91: 0 | Y91: 0 | Z91: 0 | AA91: 0 | AB91: 0 | AC91: 0 | AD91: 0 | AE91: 0 | AF91: 0 | AG91: 0 | AH91: 0 | AI91: =SUM(D91:AH91) -> 0
A92: 2212002004 | B92: CARNAZA DE CERDO EN TROZO | C92: KG | D92: 0 | E92: 0 | F92: 0 | G92: 0 | H92: 0 | I92: 0 | J92: 0 | K92: 0 | L92: 0 | M92: 0 | N92: 0 | O92: 0 | P92: 0 | Q92: 0 | R92: 0 | S92: 0 | T92: 0 | U92: 0 | V92: 0 | W92: 0 | X92: 0 | Y92: 0 | Z92: 0 | AA92: 0 | AB92: 0 | AC92: 0 | AD92: 0 | AE92: 0 | AF92: 0 | AG92: 0 | AH92: 0 | AI92: =SUM(D92:AH92) -> 0
A93: 2212002007 | B93: CARNE MOLIDA DE CERDO POCA GRASA | C93: KG | D93: 0 | E93: 0 | F93: 0 | G93: 0 | H93: 0 | I93: 0 | J93: 0 | K93: 0 | L93: 0 | M93: 0 | N93: 0 | O93: 0 | P93: 0 | Q93: 0 | R93: 0 | S93: 0 | T93: 0 | U93: 0 | V93: 0 | W93: 0 | X93: 0 | Y93: 0 | Z93: 0 | AA93: 0 | AB93: 0 | AC93: 0 | AD93: 0 | AE93: 0 | AF93: 0 | AG93: 0 | AH93: 0 | AI93: =SUM(D93:AH93) -> 0
A94: 2212002009 | B94: CHAMORRO DE CERDO PARTIDO | C94: KG | D94: 0 | E94: 0 | F94: 0 | G94: 0 | H94: 0 | I94: 0 | J94: 0 | K94: 0 | L94: 0 | M94: 0 | N94: 0 | O94: 0 | P94: 0 | Q94: 0 | R94: 0 | S94: 0 | T94: 0 | U94: 0 | V94: 0 | W94: 0 | X94: 0 | Y94: 0 | Z94: 0 | AA94: 0 | AB94: 0 | AC94: 0 | AD94: 0 | AE94: 0 | AF94: 0 | AG94: 0 | AH94: 0 | AI94: =SUM(D94:AH94) -> 0
A95: 2212002010 | B95: CHULETA DE CERDO AHUMADA CORTE DE 120GR C/U | C95: KG | D95: 0 | E95: 0 | F95: 0 | G95: 0 | H95: 0 | I95: 0 | J95: 0 | K95: 0 | L95: 0 | M95: 0 | N95: 0 | O95: 0 | P95: 0 | Q95: 0 | R95: 0 | S95: 0 | T95: 0 | U95: 0 | V95: 0 | W95: 0 | X95: 0 | Y95: 0 | Z95: 0 | AA95: 0 | AB95: 0 | AC95: 0 | AD95: 0 | AE95: 0 | AF95: 0 | AG95: 0 | AH95: 0 | AI95: =SUM(D95:AH95) -> 0
A96: 2212002011 | B96: COSTILLA DE CERDO EN TROCITO | C96: KG | D96: 0 | E96: 0 | F96: 0 | G96: 0 | H96: 0 | I96: 0 | J96: 0 | K96: 0 | L96: 0 | M96: 0 | N96: 0 | O96: 0 | P96: 0 | Q96: 0 | R96: 0 | S96: 0 | T96: 0 | U96: 0 | V96: 0 | W96: 0 | X96: 0 | Y96: 0 | Z96: 0 | AA96: 0 | AB96: 0 | AC96: 0 | AD96: 0 | AE96: 0 | AF96: 0 | AG96: 0 | AH96: 0 | AI96: =SUM(D96:AH96) -> 0
A97: 2212002014 | B97: LOMO DE CERDO | C97: KG | D97: 0 | E97: 0 | F97: 0 | G97: 0 | H97: 0 | I97: 0 | J97: 0 | K97: 0 | L97: 0 | M97: 0 | N97: 0 | O97: 0 | P97: 0 | Q97: 0 | R97: 0 | S97: 0 | T97: 0 | U97: 0 | V97: 0 | W97: 0 | X97: 0 | Y97: 0 | Z97: 0 | AA97: 0 | AB97: 0 | AC97: 0 | AD97: 0 | AE97: 0 | AF97: 0 | AG97: 0 | AH97: 0 | AI97: =SUM(D97:AH97) -> 0
A98: 2212002016 | B98: MILANESA DE CERDO | C98: KG | D98: 0 | E98: 0 | F98: 0 | G98: 0 | H98: 0 | I98: 0 | J98: 0 | K98: 0 | L98: 0 | M98: 0 | N98: 0 | O98: 0 | P98: 0 | Q98: 0 | R98: 0 | S98: 0 | T98: 0 | U98: 0 | V98: 0 | W98: 0 | X98: 0 | Y98: 0 | Z98: 0 | AA98: 0 | AB98: 0 | AC98: 0 | AD98: 0 | AE98: 0 | AF98: 0 | AG98: 0 | AH98: 0 | AI98: =SUM(D98:AH98) -> 0
A99: 2212002018 | B99: PIERNA DE CERDO EN TROZO CORTE DE 3 KILOS | C99: KG | D99: 0 | E99: 0 | F99: 0 | G99: 0 | H99: 0 | I99: 0 | J99: 0 | K99: 0 | L99: 0 | M99: 0 | N99: 0 | O99: 0 | P99: 0 | Q99: 0 | R99: 0 | S99: 0 | T99: 0 | U99: 0 | V99: 0 | W99: 0 | X99: 0 | Y99: 0 | Z99: 0 | AA99: 0 | AB99: 0 | AC99: 0 | AD99: 0 | AE99: 0 | AF99: 0 | AG99: 0 | AH99: 0 | AI99: =SUM(D99:AH99) -> 0
A100: 2212002022 | B100: PIERNA DE CERDO EN TROCITO | C100: KG | D100: 0 | E100: 0 | F100: 0 | G100: 0 | H100: 0 | I100: 0 | J100: 0 | K100: 0 | L100: 0 | M100: 0 | N100: 0 | O100: 0 | P100: 0 | Q100: 0 | R100: 0 | S100: 0 | T100: 0 | U100: 0 | V100: 0 | W100: 0 | X100: 0 | Y100: 0 | Z100: 0 | AA100: 0 | AB100: 0 | AC100: 0 | AD100: 0 | AE100: 0 | AF100: 0 | AG100: 0 | AH100: 0 | AI100: =SUM(D100:AH100) -> 0
A101: 2212002023 | B101: CARNITAS | C101: KG | D101: 0 | E101: 0 | F101: 0 | G101: 0 | H101: 0 | I101: 0 | J101: 0 | K101: 0 | L101: 0 | M101: 0 | N101: 0 | O101: 0 | P101: 0 | Q101: 0 | R101: 0 | S101: 0 | T101: 0 | U101: 0 | V101: 0 | W101: 0 | X101: 0 | Y101: 0 | Z101: 0 | AA101: 0 | AB101: 0 | AC101: 0 | AD101: 0 | AE101: 0 | AF101: 0 | AG101: 0 | AH101: 0 | AI101: =SUM(D101:AH101) -> 0
A102: 2212002025 | B102: CABEZA DE CERDO PARTIDA | C102: KG | D102: 0 | E102: 0 | F102: 0 | G102: 0 | H102: 0 | I102: 0 | J102: 0 | K102: 0 | L102: 0 | M102: 0 | N102: 0 | O102: 0 | P102: 0 | Q102: 0 | R102: 0 | S102: 0 | T102: 0 | U102: 0 | V102: 0 | W102: 0 | X102: 0 | Y102: 0 | Z102: 0 | AA102: 0 | AB102: 0 | AC102: 0 | AD102: 0 | AE102: 0 | AF102: 0 | AG102: 0 | AH102: 0 | AI102: =SUM(D102:AH102) -> 0
... A111: 2212002046 | B111: LOMO MECHADO | C111: KG | D111: 0 | E111: 0 | F111: 0 | G111: 0 | H111: 0 | I111: 0 | J111: 0 | K111: 0 | L111: 0 | M111: 0 | N111: 0 | O111: 0 | P111: 0 | Q111: 0 | R111: 0 | S111: 0 | T111: 0 | U111: 0 | V111: 0 | W111: 0 | X111: 0 | Y111: 0 | Z111: 0 | AA111: 0 | AB111: 0 | AC111: 0 | AD111: 0 | AE111: 0 | AF111: 0 | AG111: 0 | AH111: 0 | AI111: =SUM(D111:AH111) -> 0
A112: GRUPO DE ALIMENTO: RES
A113: 2212002003 | B113: BISTECK DE RES AGUAYON PARA BROCHETA | C113: KG | D113: 0 | E113: 0 | F113: 0 | G113: 0 | H113: 0 | I113: 0 | J113: 0 | K113: 0 | L113: 0 | M113: 0 | N113: 0 | O113: 0 | P113: 85 | Q113: 0 | R113: 0 | S113: 0 | T113: 0 | U113: 0 | V113: 0 | W113: 0 | X113: 0 | Y113: 0 | Z113: 0 | AA113: 0 | AB113: 0 | AC113: 0 | AD113: 0 | AE113: 85 | AF113: 0 | AG113: 0 | AH113: 0 | AI113: =SUM(D113:AH113) -> 170
A114: 2212002005 | B114: CARNE DE RES PARA COCIDO CON PLATANO Y POCO HUESO | C114: KG | D114: 0 | E114: 0 | F114: 0 | G114: 0 | H114: 0 | I114: 0 | J114: 0 | K114: 0 | L114: 0 | M114: 0 | N114: 0 | O114: 0 | P114: 0 | Q114: 0 | R114: 0 | S114: 0 | T114: 0 | U114: 0 | V114: 0 | W114: 0 | X114: 0 | Y114: 0 | Z114: 0 | AA114: 0 | AB114: 0 | AC114: 55 | AD114: 0 | AE114: 0 | AF114: 0 | AG114: 0 | AH114: 0 | AI114: =SUM(D114:AH114) -> 55
A115: 2212002006 | B115: CARNE DE RES PARA DESHEBRAR CORTE DE KILO | C115: KG | D115: 0 | E115: 0 | F115: 0 | G115: 0 | H115: 0 | I115: 0 | J115: 0 | K115: 0 | L115: 0 | M115: 0 | N115: 0 | O115: 0 | P115: 0 | Q115: 0 | R115: 0 | S115: 0 | T115: 0 | U115: 0 | V115: 0 | W115: 0 | X115: 0 | Y115: 0 | Z115: 0 | AA115: 0 | AB115: 0 | AC115: 0 | AD115: 0 | AE115: 0 | AF115: 0 | AG115: 0 | AH115: 0 | AI115: =SUM(D115:AH115) -> 0
A116: 2212002008 | B116: CARNE MOLIDA DE RES POCA GRASA | C116: KG | D116: 0 | E116: 0 | F116: 0 | G116: 0 | H116: 0 | I116: 0 | J116: 0 | K116: 0 | L116: 0 | M116: 0 | N116: 0 | O116: 0 | P116: 0 | Q116: 0 | R116: 0 | S116: 0 | T116: 0 | U116: 0 | V116: 55 | W116: 0 | X116: 0 | Y116: 0 | Z116: 0 | AA116: 0 | AB116: 0 | AC116: 0 | AD116: 0 | AE116: 0 | AF116: 0 | AG116: 0 | AH116: 0 | AI116: =SUM(D116:AH116) -> 55
A117: 2212002012 | B117: CUETE DE RES EN TROCITO | C117: KG | D117: 0 | E117: 75 | F117: 0 | G117: 0 | H117: 0 | I117: 0 | J117: 0 | K117: 0 | L117: 0 | M117: 0 | N117: 0 | O117: 0 | P117: 0 | Q117: 0 | R117: 0 | S117: 0 | T117: 0 | U117: 0 | V117: 0 | W117: 0 | X117: 0 | Y117: 0 | Z117: 0 | AA117: 0 | AB117: 0 | AC117: 0 | AD117: 0 | AE117: 0 | AF117: 0 | AG117: 0 | AH117: 0 | AI117: =SUM(D117:AH117) -> 75
A118: 2212002013 | B118: FAJITAS DE RES | C118: KG | D118: 0 | E118: 0 | F118: 0 | G118: 0 | H118: 80 | I118: 50 | J118: 0 | K118: 0 | L118: 30 | M118: 0 | N118: 0 | O118: 0 | P118: 0 | Q118: 25 | R118: 0 | S118: 0 | T118: 0 | U118: 0 | V118: 0 | W118: 80 | X118: 50 | Y118: 0 | Z118: 0 | AA118: 0 | AB118: 0 | AC118: 0 | AD118: 65 | AE118: 0 | AF118: 25 | AG118: 0 | AH118: 0 | AI118: =SUM(D118:AH118) -> 405
A119: 2212002015 | B119: MENUDO DE RES | C119: KG | D119: 0 | E119: 0 | F119: 0 | G119: 0 | H119: 0 | I119: 0 | J119: 0 | K119: 0 | L119: 0 | M119: 0 | N119: 0 | O119: 0 | P119: 0 | Q119: 0 | R119: 0 | S119: 0 | T119: 0 | U119: 0 | V119: 0 | W119: 0 | X119: 0 | Y119: 0 | Z119: 0 | AA119: 0 | AB119: 0 | AC119: 0 | AD119: 0 | AE119: 0 | AF119: 0 | AG119: 0 | AH119: 0 | AI119: =SUM(D119:AH119) -> 0
A120: 2212002019 | B120: BISTECK DE RES BOLA | C120: KG | D120: 0 | E120: 0 | F120: 0 | G120: 0 | H120: 0 | I120: 0 | J120: 0 | K120: 0 | L120: 0 | M120: 0 | N120: 0 | O120: 0 | P120: 0 | Q120: 0 | R120: 0 | S120: 0 | T120: 0 | U120: 0 | V120: 0 | W120: 0 | X120: 0 | Y120: 0 | Z120: 0 | AA120: 0 | AB120: 0 | AC120: 0 | AD120: 0 | AE120: 0 | AF120: 0 | AG120: 0 | AH120: 0 | AI120: =SUM(D120:AH120) -> 0
A121: 2212002020 | B121: COSTILLA DE RES CARGADA | C121: KG | D121: 0 | E121: 0 | F121: 0 | G121: 0 | H121: 0 | I121: 0 | J121: 0 | K121: 0 | L121: 0 | M121: 0 | N121: 0 | O121: 0 | P121: 0 | Q121: 80 | R121: 0 | S121: 0 | T121: 0 | U121: 0 | V121: 0 | W121: 0 | X121: 0 | Y121: 0 | Z121: 0 | AA121: 0 | AB121: 0 | AC121: 0 | AD121: 0 | AE121: 0 | AF121: 80 | AG121: 0 | AH121: 0 | AI121: =SUM(D121:AH121) -> 160
A122: 2212002021 | B122: FALDA DE RES EN TROZO | C122: KG | D122: 0 | E122: 0 | F122: 0 | G122: 0 | H122: 0 | I122: 0 | J122: 0 | K122: 0 | L122: 0 | M122: 0 | N122: 0 | O122: 0 | P122: 0 | Q122: 0 | R122: 0 | S122: 0 | T122: 0 | U122: 0 | V122: 0 | W122: 0 | X122: 0 | Y122: 0 | Z122: 0 | AA122: 0 | AB122: 0 | AC122: 0 | AD122: 0 | AE122: 0 | AF122: 0 | AG122: 0 | AH122: 0 | AI122: =SUM(D122:AH122) -> 0
A123: 2212002024 | B123: CHAMBERETE DE RES | C123: KG | D123: 0 | E123: 0 | F123: 0 | G123: 0 | H123: 0 | I123: 0 | J123: 0 | K123: 0 | L123: 0 | M123: 0 | N123: 0 | O123: 0 | P123: 0 | Q123: 0 | R123: 0 | S123: 0 | T123: 0 | U123: 0 | V123: 0 | W123: 0 | X123: 0 | Y123: 0 | Z123: 0 | AA123: 0 | AB123: 0 | AC123: 0 | AD123: 0 | AE123: 0 | AF123: 0 | AG123: 0 | AH123: 0 | AI123: =SUM(D123:AH123) -> 0
A124: 2212002032 | B124: CHULETA DE RES CORTE DE 200GR C/U | C124: KG | D124: 0 | E124: 0 | F124: 0 | G124: 0 | H124: 0 | I124: 0 | J124: 0 | K124: 0 | L124: 0 | M124: 0 | N124: 0 | O124: 0 | P124: 0 | Q124: 0 | R124: 0 | S124: 0 | T124: 0 | U124: 0 | V124: 0 | W124: 0 | X124: 0 | Y124: 0 | Z124: 0 | AA124: 0 | AB124: 0 | AC124: 0 | AD124: 0 | AE124: 0 | AF124: 0 | AG124: 0 | AH124: 0 | AI124: =SUM(D124:AH124) -> 0
... A131: 2212002044 | B131: TERNERA CON HUESO | C131: KG | D131: 0 | E131: 0 | F131: 0 | G131: 0 | H131: 0 | I131: 0 | J131: 0 | K131: 0 | L131: 0 | M131: 0 | N131: 0 | O131: 0 | P131: 0 | Q131: 0 | R131: 0 | S131: 0 | T131: 0 | U131: 0 | V131: 0 | W131: 0 | X131: 0 | Y131: 0 | Z131: 0 | AA131: 0 | AB131: 0 | AC131: 0 | AD131: 0 | AE131: 0 | AF131: 0 | AG131: 0 | AH131: 0 | AI131: =SUM(D131:AH131) -> 0
A132: GRUPO DE ALIMENTO: POLLO
A133: 2212006001 | B133: PECHUGA DE POLLO EN FAJITAS | C133: KG | D133: 105 | E133: 65 | F133: 0 | G133: 0 | H133: 145 | I133: 75 | J133: 0 | K133: 30 | L133: 0 | M133: 0 | N133: 0 | O133: 0 | P133: 0 | Q133: 0 | R133: 115 | S133: 105 | T133: 0 | U133: 0 | V133: 30 | W133: 145 | X133: 75 | Y133: 0 | Z133: 30 | AA133: 0 | AB133: 0 | AC133: 65 | AD133: 30 | AE133: 0 | AF133: 0 | AG133: 115 | AH133: 0 | AI133: =SUM(D133:AH133) -> 1130
A134: 2212006003 | B134: POLLO PARTIDO EN 8 PIGMENTADO SIN PIEL PESCUEZO Y MOLLEJAS | C134: KG | D134: 0 | E134: 0 | F134: 0 | G134: 0 | H134: 0 | I134: 0 | J134: 70 | K134: 0 | L134: 0 | M134: 0 | N134: 0 | O134: 0 | P134: 0 | Q134: 0 | R134: 60 | S134: 0 | T134: 0 | U134: 0 | V134: 75 | W134: 0 | X134: 0 | Y134: 70 | Z134: 0 | AA134: 0 | AB134: 0 | AC134: 0 | AD134: 75 | AE134: 0 | AF134: 0 | AG134: 60 | AH134: 0 | AI134: =SUM(D134:AH134) -> 410
A135: 2212006004 | B135: HUEVO KILO | C135: KG | D135: 75 | E135: 0 | F135: 0 | G135: 0 | H135: 0 | I135: 75 | J135: 0 | K135: 75 | L135: 75 | M135: 0 | N135: 0 | O135: 0 | P135: 0 | Q135: 0 | R135: 0 | S135: 75 | T135: 0 | U135: 0 | V135: 75 | W135: 0 | X135: 75 | Y135: 0 | Z135: 75 | AA135: 0 | AB135: 0 | AC135: 85 | AD135: 0 | AE135: 0 | AF135: 0 | AG135: 0 | AH135: 0 | AI135: =SUM(D135:AH135) -> 685
A136: 2212006005 | B136: PECHUGA DE POLLO SIN HUESO PARTIDA PARA BROCHETA | C136: KG | D136: 0 | E136: 30 | F136: 0 | G136: 0 | H136: 0 | I136: 0 | J136: 0 | K136: 30 | L136: 0 | M136: 0 | N136: 0 | O136: 0 | P136: 70 | Q136: 0 | R136: 0 | S136: 0 | T136: 0 | U136: 0 | V136: 0 | W136: 0 | X136: 0 | Y136: 0 | Z136: 30 | AA136: 0 | AB136: 0 | AC136: 0 | AD136: 0 | AE136: 70 | AF136: 0 | AG136: 0 | AH136: 0 | AI136: =SUM(D136:AH136) -> 230
A137: 2212006006 | B137: PECHUGA DE POLLO CON HUESO | C137: KG | D137: 0 | E137: 0 | F137: 0 | G137: 0 | H137: 0 | I137: 0 | J137: 0 | K137: 0 | L137: 0 | M137: 0 | N137: 0 | O137: 0 | P137: 0 | Q137: 70 | R137: 0 | S137: 0 | T137: 0 | U137: 0 | V137: 0 | W137: 0 | X137: 0 | Y137: 0 | Z137: 0 | AA137: 0 | AB137: 0 | AC137: 0 | AD137: 0 | AE137: 0 | AF137: 70 | AG137: 0 | AH137: 0 | AI137: =SUM(D137:AH137) -> 140
A138: 2212006009 | B138: PECHUGA DE POLLO EN FILETE DE 150 GRS. C/U | C138: KG | D138: 0 | E138: 0 | F138: 0 | G138: 0 | H138: 0 | I138: 0 | J138: 0 | K138: 0 | L138: 0 | M138: 0 | N138: 0 | O138: 0 | P138: 10 | Q138: 0 | R138: 0 | S138: 0 | T138: 0 | U138: 0 | V138: 30 | W138: 0 | X138: 0 | Y138: 0 | Z138: 0 | AA138: 0 | AB138: 0 | AC138: 0 | AD138: 0 | AE138: 10 | AF138: 0 | AG138: 0 | AH138: 0 | AI138: =SUM(D138:AH138) -> 50
A139: 2212006011 | B139: HAMBURGUESA DE POLLO CONGELADA DE 120GR | C139: PIEZA | D139: 0 | E139: 0 | F139: 0 | G139: 0 | H139: 0 | I139: 0 | J139: 0 | K139: 0 | L139: 0 | M139: 0 | N139: 0 | O139: 0 | P139: 0 | Q139: 0 | R139: 0 | S139: 0 | T139: 0 | U139: 0 | V139: 0 | W139: 0 | X139: 0 | Y139: 0 | Z139: 0 | AA139: 0 | AB139: 0 | AC139: 0 | AD139: 0 | AE139: 0 | AF139: 0 | AG139: 0 | AH139: 0 | AI139: =SUM(D139:AH139) -> 0
A140: 2212006012 | B140: POLLO ROSTIZADO (1,200 KG C/U) | C140: PIEZA | D140: 0 | E140: 0 | F140: 0 | G140: 0 | H140: 0 | I140: 0 | J140: 0 | K140: 0 | L140: 0 | M140: 0 | N140: 0 | O140: 0 | P140: 0 | Q140: 0 | R140: 0 | S140: 0 | T140: 0 | U140: 0 | V140: 0 | W140: 0 | X140: 0 | Y140: 0 | Z140: 0 | AA140: 0 | AB140: 0 | AC140: 0 | AD140: 0 | AE140: 0 | AF140: 0 | AG140: 0 | AH140: 0 | AI140: =SUM(D140:AH140) -> 0
A141: 2212006013 | B141: PECHUGA DE POLLO SIN HUESO | C141: KG | D141: 0 | E141: 0 | F141: 0 | G141: 0 | H141: 0 | I141: 0 | J141: 0 | K141: 0 | L141: 65 | M141: 0 | N141: 0 | O141: 0 | P141: 0 | Q141: 0 | R141: 0 | S141: 0 | T141: 0 | U141: 0 | V141: 0 | W141: 0 | X141: 0 | Y141: 0 | Z141: 0 | AA141: 0 | AB141: 0 | AC141: 0 | AD141: 0 | AE141: 0 | AF141: 0 | AG141: 0 | AH141: 0 | AI141: =SUM(D141:AH141) -> 65
A142: GRUPO DE ALIMENTO: PESCADOS Y MARISCOS
A143: 2212007001 | B143: CAMARON FRESCO | C143: KG | D143: 0 | E143: 0 | F143: 0 | G143: 0 | H143: 0 | I143: 0 | J143: 0 | K143: 0 | L143: 0 | M143: 0 | N143: 0 | O143: 0 | P143: 0 | Q143: 0 | R143: 0 | S143: 0 | T143: 0 | U143: 0 | V143: 0 | W143: 0 | X143: 0 | Y143: 0 | Z143: 0 | AA143: 0 | AB143: 0 | AC143: 0 | AD143: 0 | AE143: 0 | AF143: 0 | AG143: 0 | AH143: 0 | AI143: =SUM(D143:AH143) -> 0
A144: 2212007002 | B144: CAMARON SECO | C144: KG | D144: 0 | E144: 0 | F144: 0 | G144: 0 | H144: 0 | I144: 0 | J144: 0 | K144: 0 | L144: 0 | M144: 0 | N144: 0 | O144: 0 | P144: 0 | Q144: 0 | R144: 0 | S144: 0 | T144: 0 | U144: 0 | V144: 0 | W144: 0 | X144: 0 | Y144: 0 | Z144: 0 | AA144: 0 | AB144: 0 | AC144: 0 | AD144: 0 | AE144: 0 | AF144: 0 | AG144: 0 | AH144: 0 | AI144: =SUM(D144:AH144) -> 0
A145: 2212007003 | B145: CAZON TIERNO S/ ESPINAS PIEZA | C145: KG | D145: 0 | E145: 0 | F145: 0 | G145: 0 | H145: 0 | I145: 0 | J145: 0 | K145: 0 | L145: 0 | M145: 0 | N145: 0 | O145: 0 | P145: 0 | Q145: 0 | R145: 0 | S145: 0 | T145: 0 | U145: 0 | V145: 0 | W145: 0 | X145: 0 | Y145: 0 | Z145: 0 | AA145: 0 | AB145: 0 | AC145: 0 | AD145: 0 | AE145: 0 | AF145: 0 | AG145: 0 | AH145: 0 | AI145: =SUM(D145:AH145) -> 0
A146: 2212007004 | B146: FILETE DE PESCADO HUACHINANGO CORTE DE 150GR C/U | C146: KG | D146: 0 | E146: 0 | F146: 0 | G146: 0 | H146: 0 | I146: 0 | J146: 0 | K146: 0 | L146: 0 | M146: 0 | N146: 0 | O146: 0 | P146: 0 | Q146: 0 | R146: 0 | S146: 0 | T146: 0 | U146: 0 | V146: 0 | W146: 0 | X146: 0 | Y146: 0 | Z146: 0 | AA146: 0 | AB146: 0 | AC146: 0 | AD146: 0 | AE146: 0 | AF146: 0 | AG146: 0 | AH146: 0 | AI146: =SUM(D146:AH146) -> 0
A147: 2212007005 | B147: MARLÍN | C147: KG | D147: 0 | E147: 0 | F147: 0 | G147: 0 | H147: 0 | I147: 0 | J147: 0 | K147: 0 | L147: 0 | M147: 0 | N147: 0 | O147: 0 | P147: 0 | Q147: 0 | R147: 0 | S147: 0 | T147: 0 | U147: 0 | V147: 0 | W147: 0 | X147: 0 | Y147: 0 | Z147: 0 | AA147: 0 | AB147: 0 | AC147: 0 | AD147: 0 | AE147: 0 | AF147: 0 | AG147: 0 | AH147: 0 | AI147: =SUM(D147:AH147) -> 0
A148: 2212007006 | B148: SURIMI | C148: KG | D148: 0 | E148: 0 | F148: 0 | G148: 0 | H148: 0 | I148: 0 | J148: 0 | K148: 0 | L148: 0 | M148: 0 | N148: 0 | O148: 0 | P148: 0 | Q148: 0 | R148: 0 | S148: 0 | T148: 0 | U148: 0 | V148: 0 | W148: 0 | X148: 0 | Y148: 0 | Z148: 0 | AA148: 0 | AB148: 0 | AC148: 0 | AD148: 0 | AE148: 0 | AF148: 0 | AG148: 0 | AH148: 0 | AI148: =SUM(D148:AH148) -> 0
A149: 2212007007 | B149: FILETE DE PESCADO CAZON EN CUBITO | C149: KG | D149: 0 | E149: 0 | F149: 0 | G149: 0 | H149: 0 | I149: 0 | J149: 0 | K149: 0 | L149: 0 | M149: 0 | N149: 0 | O149: 0 | P149: 0 | Q149: 0 | R149: 0 | S149: 0 | T149: 0 | U149: 0 | V149: 0 | W149: 0 | X149: 0 | Y149: 0 | Z149: 0 | AA149: 0 | AB149: 0 | AC149: 0 | AD149: 0 | AE149: 0 | AF149: 0 | AG149: 0 | AH149: 0 | AI149: =SUM(D149:AH149) -> 0
A150: 2212007008 | B150: HUACHINANGO TROZO S/ESPINAS SIN CABEZA, ESCAMAS BRILLANTES Y PAGADAS A LA PIEL | C150: KG | D150: 85 | E150: 0 | F150: 0 | G150: 0 | H150: 0 | I150: 0 | J150: 0 | K150: 0 | L150: 45 | M150: 0 | N150: 0 | O150: 0 | P150: 0 | Q150: 0 | R150: 0 | S150: 85 | T150: 0 | U150: 0 | V150: 0 | W150: 0 | X150: 0 | Y150: 0 | Z150: 0 | AA150: 0 | AB150: 0 | AC150: 0 | AD150: 0 | AE150: 0 | AF150: 0 | AG150: 0 | AH150: 0 | AI150: =SUM(D150:AH150) -> 215
A151: 2212007009 | B151: PULPO LIMPIO FRESCO SIN CONGELAR | C151: KG | D151: 0 | E151: 0 | F151: 0 | G151: 0 | H151: 0 | I151: 0 | J151: 0 | K151: 0 | L151: 0 | M151: 0 | N151: 0 | O151: 0 | P151: 0 | Q151: 0 | R151: 0 | S151: 0 | T151: 0 | U151: 0 | V151: 0 | W151: 0 | X151: 0 | Y151: 0 | Z151: 0 | AA151: 0 | AB151: 0 | AC151: 0 | AD151: 0 | AE151: 0 | AF151: 0 | AG151: 0 | AH151: 0 | AI151: =SUM(D151:AH151) -> 0
A152: 2212007010 | B152: TROZO DE PESCADO | C152: KG | D152: 0 | E152: 0 | F152: 0 | G152: 0 | H152: 0 | I152: 0 | J152: 0 | K152: 0 | L152: 25 | M152: 0 | N152: 0 | O152: 0 | P152: 0 | Q152: 0 | R152: 0 | S152: 0 | T152: 0 | U152: 0 | V152: 0 | W152: 0 | X152: 0 | Y152: 0 | Z152: 0 | AA152: 0 | AB152: 0 | AC152: 0 | AD152: 0 | AE152: 0 | AF152: 0 | AG152: 0 | AH152: 0 | AI152: =SUM(D152:AH152) -> 25
A153: GRUPO DE ALIMENTO: EMBUTIDOS
A154: 2212003002 | B154: CHORIZO | C154: KG | D154: 0 | E154: 0 | F154: 0 | G154: 0 | H154: 0 | I154: 0 | J154: 0 | K154: 0 | L154: 0 | M154: 0 | N154: 0 | O154: 0 | P154: 0 | Q154: 0 | R154: 0 | S154: 0 | T154: 0 | U154: 0 | V154: 0 | W154: 0 | X154: 0 | Y154: 0 | Z154: 0 | AA154: 0 | AB154: 0 | AC154: 0 | AD154: 0 | AE154: 0 | AF154: 0 | AG154: 0 | AH154: 0 | AI154: =SUM(D154:AH154) -> 0
A155: 2212003003 | B155: JAMON DE PECHUGA DE PAVO REBANADA DE 30 G | C155: KG | D155: 0 | E155: 0 | F155: 0 | G155: 0 | H155: 0 | I155: 15 | J155: 0 | K155: 0 | L155: 0 | M155: 0 | N155: 0 | O155: 0 | P155: 0 | Q155: 0 | R155: 0 | S155: 0 | T155: 0 | U155: 0 | V155: 0 | W155: 0 | X155: 15 | Y155: 0 | Z155: 0 | AA155: 0 | AB155: 0 | AC155: 0 | AD155: 0 | AE155: 0 | AF155: 0 | AG155: 0 | AH155: 0 | AI155: =SUM(D155:AH155) -> 30
A156: 2212003004 | B156: JAMON DE PIERNA REBANADA DE 100GR | C156: KG | D156: 0 | E156: 0 | F156: 0 | G156: 0 | H156: 0 | I156: 0 | J156: 0 | K156: 0 | L156: 0 | M156: 0 | N156: 0 | O156: 0 | P156: 0 | Q156: 0 | R156: 0 | S156: 0 | T156: 0 | U156: 0 | V156: 0 | W156: 0 | X156: 0 | Y156: 0 | Z156: 0 | AA156: 0 | AB156: 0 | AC156: 0 | AD156: 0 | AE156: 0 | AF156: 0 | AG156: 0 | AH156: 0 | AI156: =SUM(D156:AH156) -> 0
A157: 2212003008 | B157: TOCINO REBANADO | C157: KG | D157: 0 | E157: 0 | F157: 0 | G157: 0 | H157: 0 | I157: 0 | J157: 0 | K157: 0 | L157: 0 | M157: 0 | N157: 0 | O157: 0 | P157: 0 | Q157: 0 | R157: 0 | S157: 0 | T157: 0 | U157: 0 | V157: 0 | W157: 0 | X157: 0 | Y157: 0 | Z157: 0 | AA157: 0 | AB157: 0 | AC157: 0 | AD157: 5 | AE157: 0 | AF157: 0 | AG157: 0 | AH157: 0 | AI157: =SUM(D157:AH157) -> 5
A158: 2212003009 | B158: TOCINO REBANADA GRUESA | C158: KG | D158: 0 | E158: 0 | F158: 0 | G158: 0 | H158: 0 | I158: 0 | J158: 0 | K158: 0 | L158: 0 | M158: 0 | N158: 0 | O158: 0 | P158: 0 | Q158: 0 | R158: 0 | S158: 0 | T158: 0 | U158: 0 | V158: 0 | W158: 0 | X158: 0 | Y158: 0 | Z158: 0 | AA158: 0 | AB158: 0 | AC158: 0 | AD158: 0 | AE158: 0 | AF158: 0 | AG158: 0 | AH158: 0 | AI158: =SUM(D158:AH158) -> 0
A159: 2212003010 | B159: CHORIZO DE SOYA | C159: KG | D159: 0 | E159: 0 | F159: 0 | G159: 0 | H159: 0 | I159: 0 | J159: 0 | K159: 0 | L159: 0 | M159: 0 | N159: 0 | O159: 0 | P159: 0 | Q159: 0 | R159: 0 | S159: 0 | T159: 0 | U159: 0 | V159: 0 | W159: 0 | X159: 0 | Y159: 0 | Z159: 0 | AA159: 0 | AB159: 0 | AC159: 0 | AD159: 0 | AE159: 0 | AF159: 0 | AG159: 0 | AH159: 0 | AI159: =SUM(D159:AH159) -> 0
A160: 2212003011 | B160: JAMÓN PIERNA REBANADA DE 30GR | C160: KG | D160: 0 | E160: 0 | F160: 0 | G160: 0 | H160: 0 | I160: 0 | J160: 0 | K160: 0 | L160: 0 | M160: 0 | N160: 0 | O160: 0 | P160: 0 | Q160: 0 | R160: 0 | S160: 0 | T160: 0 | U160: 0 | V160: 0 | W160: 0 | X160: 0 | Y160: 0 | Z160: 0 | AA160: 0 | AB160: 0 | AC160: 0 | AD160: 0 | AE160: 0 | AF160: 0 | AG160: 0 | AH160: 0 | AI160: =SUM(D160:AH160) -> 0
A161: 2212003012 | B161: SALCHICHA DE PAVO | C161: KG | D161: 0 | E161: 0 | F161: 0 | G161: 0 | H161: 0 | I161: 0 | J161: 0 | K161: 0 | L161: 0 | M161: 0 | N161: 0 | O161: 0 | P161: 0 | Q161: 0 | R161: 0 | S161: 0 | T161: 0 | U161: 0 | V161: 0 | W161: 0 | X161: 0 | Y161: 0 | Z161: 0 | AA161: 0 | AB161: 0 | AC161: 0 | AD161: 0 | AE161: 0 | AF161: 0 | AG161: 0 | AH161: 0 | AI161: =SUM(D161:AH161) -> 0
A162: 2212003013 | B162: SALAMI REBANADO | C162: KG | D162: 0 | E162: 0 | F162: 0 | G162: 0 | H162: 0 | I162: 0 | J162: 0 | K162: 0 | L162: 0 | M162: 0 | N162: 0 | O162: 0 | P162: 0 | Q162: 0 | R162: 0 | S162: 0 | T162: 0 | U162: 0 | V162: 0 | W162: 0 | X162: 0 | Y162: 0 | Z162: 0 | AA162: 0 | AB162: 0 | AC162: 0 | AD162: 0 | AE162: 0 | AF162: 0 | AG162: 0 | AH162: 0 | AI162: =SUM(D162:AH162) -> 0
A163: 2212003017 | B163: JAMON DE PIERNA YORK | C163: KG | D163: 0 | E163: 0 | F163: 0 | G163: 0 | H163: 0 | I163: 0 | J163: 0 | K163: 0 | L163: 0 | M163: 0 | N163: 0 | O163: 0 | P163: 0 | Q163: 0 | R163: 0 | S163: 0 | T163: 0 | U163: 0 | V163: 0 | W163: 0 | X163: 0 | Y163: 0 | Z163: 0 | AA163: 0 | AB163: 0 | AC163: 0 | AD163: 0 | AE163: 0 | AF163: 0 | AG163: 0 | AH163: 0 | AI163: =SUM(D163:AH163) -> 0
A164: GRUPO DE ALIMENTO: LÁCTEOS
A165: 2212001196 | B165: LECHE DESLACTOSADA LIGHT LITRO | C165: LITRO | D165: 0 | E165: 0 | F165: 0 | G165: 0 | H165: 0 | I165: 0 | J165: 0 | K165: 0 | L165: 0 | M165: 0 | N165: 0 | O165: 0 | P165: 0 | Q165: 0 | R165: 0 | S165: 0 | T165: 0 | U165: 0 | V165: 0 | W165: 0 | X165: 0 | Y165: 0 | Z165: 0 | AA165: 0 | AB165: 0 | AC165: 0 | AD165: 0 | AE165: 0 | AF165: 0 | AG165: 0 | AH165: 0 | AI165: =SUM(D165:AH165) -> 0
A166: 2212005007 | B166: LECHE PASTEURIZADA DESCREMADA TETRAPAK | C166: LITRO | D166: 0 | E166: 0 | F166: 0 | G166: 0 | H166: 0 | I166: 0 | J166: 0 | K166: 0 | L166: 0 | M166: 0 | N166: 0 | O166: 0 | P166: 0 | Q166: 0 | R166: 0 | S166: 0 | T166: 0 | U166: 0 | V166: 0 | W166: 0 | X166: 0 | Y166: 0 | Z166: 0 | AA166: 0 | AB166: 0 | AC166: 0 | AD166: 0 | AE166: 0 | AF166: 0 | AG166: 0 | AH166: 0 | AI166: =SUM(D166:AH166) -> 0
A167: 2212005010 | B167: QUESO ADOBERA OREADO pasteurizado | C167: KG | D167: 0 | E167: 0 | F167: 0 | G167: 0 | H167: 0 | I167: 0 | J167: 0 | K167: 0 | L167: 0 | M167: 0 | N167: 0 | O167: 0 | P167: 0 | Q167: 0 | R167: 0 | S167: 0 | T167: 0 | U167: 0 | V167: 0 | W167: 0 | X167: 0 | Y167: 0 | Z167: 0 | AA167: 0 | AB167: 0 | AC167: 0 | AD167: 0 | AE167: 0 | AF167: 0 | AG167: 0 | AH167: 0 | AI167: =SUM(D167:AH167) -> 0
A168: 2212005011 | B168: QUESO PARMESANO pasteurizado | C168: FCO. | D168: 0 | E168: 0 | F168: 0 | G168: 0 | H168: 0 | I168: 0 | J168: 0 | K168: 0 | L168: 0 | M168: 0 | N168: 0 | O168: 0 | P168: 0 | Q168: 0 | R168: 0 | S168: 0 | T168: 0 | U168: 0 | V168: 0 | W168: 0 | X168: 0 | Y168: 0 | Z168: 0 | AA168: 0 | AB168: 0 | AC168: 0 | AD168: 0 | AE168: 0 | AF168: 0 | AG168: 0 | AH168: 0 | AI168: =SUM(D168:AH168) -> 0
A169: 2212007012 | B169: CREMA ENTERA ACIDIFICADA PASTEURIZADA, BOTE DE 900 ML | C169: BOTE | D169: 0 | E169: 0 | F169: 0 | G169: 0 | H169: 5 | I169: 6 | J169: 0 | K169: 0 | L169: 6 | M169: 0 | N169: 0 | O169: 0 | P169: 0 | Q169: 6 | R169: 6 | S169: 0 | T169: 0 | U169: 0 | V169: 0 | W169: 5 | X169: 6 | Y169: 0 | Z169: 0 | AA169: 0 | AB169: 0 | AC169: 0 | AD169: 0 | AE169: 0 | AF169: 6 | AG169: 6 | AH169: 0 | AI169: =SUM(D169:AH169) -> 52
A170: 2212005015 | B170: LECHE PASTEURIZADA FRESCA | C170: LITRO | D170: 0 | E170: 0 | F170: 0 | G170: 0 | H170: 0 | I170: 0 | J170: 0 | K170: 0 | L170: 0 | M170: 0 | N170: 0 | O170: 0 | P170: 0 | Q170: 0 | R170: 0 | S170: 0 | T170: 0 | U170: 0 | V170: 0 | W170: 0 | X170: 0 | Y170: 0 | Z170: 0 | AA170: 0 | AB170: 0 | AC170: 0 | AD170: 0 | AE170: 0 | AF170: 0 | AG170: 0 | AH170: 0 | AI170: =SUM(D170:AH170) -> 0
A171: 2212005016 | B171: MANTEQUILLA CON SAL EN BARRA KILO | C171: KG | D171: 1 | E171: 4 | F171: 0 | G171: 0 | H171: 4 | I171: 0 | J171: 1 | K171: 2 | L171: 1 | M171: 0 | N171: 0 | O171: 0 | P171: 1 | Q171: 0 | R171: 1 | S171: 1 | T171: 0 | U171: 0 | V171: 0 | W171: 4 | X171: 0 | Y171: 1 | Z171: 2 | AA171: 0 | AB171: 0 | AC171: 0 | AD171: 0 | AE171: 1 | AF171: 0 | AG171: 1 | AH171: 0 | AI171: =SUM(D171:AH171) -> 25
A172: 2212005017 | B172: QUESO ADOBERA pasteurizado | C172: KG | D172: 0 | E172: 21 | F172: 0 | G172: 0 | H172: 12 | I172: 0 | J172: 0 | K172: 9 | L172: 0 | M172: 0 | N172: 0 | O172: 0 | P172: 0 | Q172: 0 | R172: 0 | S172: 0 | T172: 0 | U172: 0 | V172: 0 | W172: 12 | X172: 0 | Y172: 0 | Z172: 9 | AA172: 0 | AB172: 0 | AC172: 0 | AD172: 0 | AE172: 0 | AF172: 0 | AG172: 0 | AH172: 0 | AI172: =SUM(D172:AH172) -> 63
A173: 2212005018 | B173: QUESO AMARILLO pasteurizado | C173: KG | D173: 0 | E173: 0 | F173: 0 | G173: 0 | H173: 0 | I173: 0 | J173: 0 | K173: 0 | L173: 0 | M173: 0 | N173: 0 | O173: 0 | P173: 0 | Q173: 0 | R173: 0 | S173: 0 | T173: 0 | U173: 0 | V173: 0 | W173: 0 | X173: 0 | Y173: 0 | Z173: 0 | AA173: 0 | AB173: 0 | AC173: 0 | AD173: 0 | AE173: 0 | AF173: 0 | AG173: 0 | AH173: 0 | AI173: =SUM(D173:AH173) -> 0
A174: 2212005019 | B174: QUESO ASADERO EN BARRA pasteurizado | C174: KG | D174: 0 | E174: 0 | F174: 0 | G174: 0 | H174: 0 | I174: 0 | J174: 0 | K174: 0 | L174: 0 | M174: 0 | N174: 0 | O174: 0 | P174: 0 | Q174: 0 | R174: 0 | S174: 0 | T174: 0 | U174: 0 | V174: 0 | W174: 0 | X174: 0 | Y174: 0 | Z174: 0 | AA174: 0 | AB174: 0 | AC174: 0 | AD174: 0 | AE174: 0 | AF174: 0 | AG174: 0 | AH174: 0 | AI174: =SUM(D174:AH174) -> 0
A175: 2212005020 | B175: QUESO COTIJA pasteurizado | C175: KG | D175: 0 | E175: 0 | F175: 0 | G175: 0 | H175: 0 | I175: 0 | J175: 0 | K175: 0 | L175: 0 | M175: 0 | N175: 0 | O175: 0 | P175: 0 | Q175: 0 | R175: 0 | S175: 0 | T175: 0 | U175: 0 | V175: 0 | W175: 0 | X175: 0 | Y175: 0 | Z175: 0 | AA175: 0 | AB175: 0 | AC175: 0 | AD175: 0 | AE175: 0 | AF175: 0 | AG175: 0 | AH175: 0 | AI175: =SUM(D175:AH175) -> 0
A176: 2212005021 | B176: QUESO MANCHEGO pasteurizado | C176: KG | D176: 0 | E176: 0 | F176: 0 | G176: 0 | H176: 0 | I176: 0 | J176: 0 | K176: 0 | L176: 0 | M176: 0 | N176: 0 | O176: 0 | P176: 0 | Q176: 0 | R176: 0 | S176: 0 | T176: 0 | U176: 0 | V176: 0 | W176: 0 | X176: 0 | Y176: 0 | Z176: 0 | AA176: 0 | AB176: 0 | AC176: 0 | AD176: 0 | AE176: 0 | AF176: 0 | AG176: 0 | AH176: 0 | AI176: =SUM(D176:AH176) -> 0
... A189: 2212005042 | B189: LECHE FRESCA PASTEURIZADA LIGHT | C189: LITRO | D189: 101 | E189: 101 | F189: 0 | G189: 0 | H189: 111 | I189: 101 | J189: 101 | K189: 101 | L189: 101 | M189: 0 | N189: 0 | O189: 0 | P189: 101 | Q189: 101 | R189: 101 | S189: 101 | T189: 0 | U189: 0 | V189: 101 | W189: 111 | X189: 101 | Y189: 101 | Z189: 101 | AA189: 0 | AB189: 0 | AC189: 68 | AD189: 101 | AE189: 101 | AF189: 101 | AG189: 101 | AH189: 0 | AI189: =SUM(D189:AH189) -> 2108
A190: GRUPO DE ALIMENTO: CEREALES
A191: 2212004041 | B191: TORTILLA ESPECIAL PARA ENCHILADAS | C191: KG | D191: 0 | E191: 0 | F191: 0 | G191: 0 | H191: 0 | I191: 0 | J191: 0 | K191: 0 | L191: 0 | M191: 0 | N191: 0 | O191: 0 | P191: 0 | Q191: 0 | R191: 0 | S191: 0 | T191: 0 | U191: 0 | V191: 0 | W191: 0 | X191: 0 | Y191: 0 | Z191: 0 | AA191: 0 | AB191: 0 | AC191: 0 | AD191: 0 | AE191: 0 | AF191: 0 | AG191: 0 | AH191: 0 | AI191: =SUM(D191:AH191) -> 0
A192: 2212008002 | B192: TOSTADA DESHIDRATADA | C192: PAQUETE | D192: 30 | E192: 0 | F192: 0 | G192: 0 | H192: 0 | I192: 0 | J192: 30 | K192: 0 | L192: 30 | M192: 0 | N192: 0 | O192: 0 | P192: 30 | Q192: 0 | R192: 0 | S192: 30 | T192: 0 | U192: 0 | V192: 0 | W192: 0 | X192: 0 | Y192: 30 | Z192: 0 | AA192: 0 | AB192: 0 | AC192: 0 | AD192: 30 | AE192: 30 | AF192: 0 | AG192: 0 | AH192: 0 | AI192: =SUM(D192:AH192) -> 240
A193: 2212008007 | B193: BOLILLO CON SAL DE 160 GRAMOS | C193: PIEZA | D193: 0 | E193: 0 | F193: 0 | G193: 0 | H193: 0 | I193: 0 | J193: 0 | K193: 0 | L193: 0 | M193: 0 | N193: 0 | O193: 0 | P193: 0 | Q193: 0 | R193: 0 | S193: 0 | T193: 0 | U193: 0 | V193: 0 | W193: 0 | X193: 0 | Y193: 0 | Z193: 0 | AA193: 0 | AB193: 0 | AC193: 0 | AD193: 0 | AE193: 0 | AF193: 0 | AG193: 0 | AH193: 0 | AI193: =SUM(D193:AH193) -> 0
A194: 2212008008 | B194: BOLILLO MINI SIN SAL | C194: PIEZA | D194: 0 | E194: 0 | F194: 0 | G194: 0 | H194: 0 | I194: 0 | J194: 0 | K194: 0 | L194: 0 | M194: 0 | N194: 0 | O194: 0 | P194: 0 | Q194: 0 | R194: 0 | S194: 0 | T194: 0 | U194: 0 | V194: 0 | W194: 0 | X194: 0 | Y194: 0 | Z194: 0 | AA194: 0 | AB194: 0 | AC194: 0 | AD194: 0 | AE194: 0 | AF194: 0 | AG194: 0 | AH194: 0 | AI194: =SUM(D194:AH194) -> 0
A195: 2212008009 | B195: BOLILLO SIN SAL DE 80 GRAMOS | C195: PIEZA | D195: 0 | E195: 0 | F195: 0 | G195: 0 | H195: 0 | I195: 0 | J195: 0 | K195: 0 | L195: 0 | M195: 0 | N195: 0 | O195: 0 | P195: 0 | Q195: 0 | R195: 0 | S195: 0 | T195: 0 | U195: 0 | V195: 0 | W195: 0 | X195: 0 | Y195: 0 | Z195: 0 | AA195: 0 | AB195: 0 | AC195: 0 | AD195: 0 | AE195: 0 | AF195: 0 | AG195: 0 | AH195: 0 | AI195: =SUM(D195:AH195) -> 0
A196: 2212008010 | B196: PAN BLANCO DE CAJA GRANDE | C196: PAQUETE | D196: 6 | E196: 6 | F196: 0 | G196: 0 | H196: 6 | I196: 48 | J196: 6 | K196: 6 | L196: 18 | M196: 0 | N196: 0 | O196: 0 | P196: 6 | Q196: 18 | R196: 6 | S196: 6 | T196: 0 | U196: 0 | V196: 6 | W196: 6 | X196: 48 | Y196: 6 | Z196: 6 | AA196: 0 | AB196: 0 | AC196: 18 | AD196: 6 | AE196: 6 | AF196: 18 | AG196: 6 | AH196: 0 | AI196: =SUM(D196:AH196) -> 258
A197: 2212008011 | B197: PAN DULCE | C197: PIEZA | D197: 0 | E197: 0 | F197: 0 | G197: 0 | H197: 0 | I197: 0 | J197: 0 | K197: 0 | L197: 0 | M197: 0 | N197: 0 | O197: 0 | P197: 0 | Q197: 0 | R197: 0 | S197: 0 | T197: 0 | U197: 0 | V197: 0 | W197: 0 | X197: 0 | Y197: 0 | Z197: 0 | AA197: 0 | AB197: 0 | AC197: 0 | AD197: 0 | AE197: 0 | AF197: 0 | AG197: 0 | AH197: 0 | AI197: =SUM(D197:AH197) -> 0
A198: 2212008012 | B198: PAN MOLIDO | C198: KG | D198: 0 | E198: 0 | F198: 0 | G198: 0 | H198: 0 | I198: 0 | J198: 0 | K198: 0 | L198: 0 | M198: 0 | N198: 0 | O198: 0 | P198: 0 | Q198: 0 | R198: 0 | S198: 0 | T198: 0 | U198: 0 | V198: 0 | W198: 0 | X198: 0 | Y198: 0 | Z198: 0 | AA198: 0 | AB198: 0 | AC198: 0 | AD198: 0 | AE198: 0 | AF198: 0 | AG198: 0 | AH198: 0 | AI198: =SUM(D198:AH198) -> 0
A199: 2212008013 | B199: PAN PARA HAMBURGUESA | C199: PAQUETE | D199: 0 | E199: 0 | F199: 0 | G199: 0 | H199: 0 | I199: 0 | J199: 0 | K199: 0 | L199: 0 | M199: 0 | N199: 0 | O199: 0 | P199: 0 | Q199: 0 | R199: 0 | S199: 0 | T199: 0 | U199: 0 | V199: 0 | W199: 0 | X199: 0 | Y199: 0 | Z199: 0 | AA199: 0 | AB199: 0 | AC199: 0 | AD199: 0 | AE199: 0 | AF199: 0 | AG199: 0 | AH199: 0 | AI199: =SUM(D199:AH199) -> 0
A200: 2212008014 | B200: PAN PARA HOT-DOG | C200: PAQUETE | D200: 0 | E200: 0 | F200: 0 | G200: 0 | H200: 0 | I200: 0 | J200: 0 | K200: 0 | L200: 0 | M200: 0 | N200: 0 | O200: 0 | P200: 0 | Q200: 0 | R200: 0 | S200: 0 | T200: 0 | U200: 0 | V200: 0 | W200: 0 | X200: 0 | Y200: 0 | Z200: 0 | AA200: 0 | AB200: 0 | AC200: 0 | AD200: 0 | AE200: 0 | AF200: 0 | AG200: 0 | AH200: 0 | AI200: =SUM(D200:AH200) -> 0
...

Sheet COMEDOR
A1: CÓDIGO | B1: DESCRIPCIÓN | C1: UNIDAD DE MEDIDA | D1: 1 | E1: 2 | F1: 3 | G1: 4 | H1: 5 | I1: 6 | J1: 7 | K1: 8 | L1: 9 | M1: 10 | N1: 11 | O1: 12 | P1: 13 | Q1: 14 | R1: 15 | S1: 16 | T1: 17 | U1: 18 | V1: 19 | W1: 20 | X1: 21 | Y1: 22 | Z1: 23 | AA1: 24 | AB1: 25 | AC1: 26 | AD1: 27 | AE1: 28 | AF1: 29 | AG1: 30 | AH1: 31 | AI1: TOTAL
A3: GRUPO DE ALIMENTO: FRUTA
A4: 2212004001 | B4: CIRUELA ROJA | C4: KG | D4: 0 | E4: 0 | F4: 0 | G4: 0 | H4: 0 | I4: 0 | J4: 0 | K4: 0 | L4: 0 | M4: 0 | N4: 0 | O4: 0 | P4: 0 | Q4: 0 | R4: 0 | S4: 0 | T4: 0 | U4: 0 | V4: 0 | W4: 0 | X4: 0 | Y4: 0 | Z4: 0 | AA4: 0 | AB4: 0 | AC4: 0 | AD4: 0 | AE4: 0 | AF4: 0 | AG4: 0 | AH4: 0 | AI4: =SUM(D4:AH4) -> 0
A5: 2212004002 | B5: CAÑA DE AZUCAR | C5: PIEZA | D5: 0 | E5: 0 | F5: 0 | G5: 0 | H5: 0 | I5: 0 | J5: 0 | K5: 0 | L5: 0 | M5: 0 | N5: 0 | O5: 0 | P5: 0 | Q5: 0 | R5: 0 | S5: 0 | T5: 0 | U5: 0 | V5: 0 | W5: 0 | X5: 0 | Y5: 0 | Z5: 0 | AA5: 0 | AB5: 0 | AC5: 0 | AD5: 0 | AE5: 0 | AF5: 0 | AG5: 0 | AH5: 0 | AI5: =SUM(D5:AH5) -> 0
A6: 2212004003 | B6: CIRUELA AMARILLA | C6: KG | D6: 0 | E6: 0 | F6: 0 | G6: 0 | H6: 0 | I6: 0 | J6: 0 | K6: 0 | L6: 0 | M6: 0 | N6: 0 | O6: 0 | P6: 0 | Q6: 0 | R6: 0 | S6: 0 | T6: 0 | U6: 0 | V6: 0 | W6: 0 | X6: 0 | Y6: 0 | Z6: 0 | AA6: 0 | AB6: 0 | AC6: 0 | AD6: 0 | AE6: 0 | AF6: 0 | AG6: 0 | AH6: 0 | AI6: =SUM(D6:AH6) -> 0
A7: 2212004004 | B7: DURAZNO | C7: KG | D7: 30 | E7: 40 | F7: 0 | G7: 40 | H7: 0 | I7: 0 | J7: 0 | K7: 0 | L7: 0 | M7: 0 | N7: 0 | O7: 0 | P7: 0 | Q7: 0 | R7: 0 | S7: 0 | T7: 0 | U7: 0 | V7: 0 | W7: 0 | X7: 0 | Y7: 0 | Z7: 0 | AA7: 0 | AB7: 0 | AC7: 0 | AD7: 0 | AE7: 0 | AF7: 0 | AG7: 0 | AH7: 0 | AI7: =SUM(D7:AH7) -> 110
A8: 2212004005 | B8: FRESA | C8: KG | D8: 0 | E8: 0 | F8: 0 | G8: 0 | H8: 0 | I8: 0 | J8: 0 | K8: 0 | L8: 0 | M8: 0 | N8: 0 | O8: 0 | P8: 0 | Q8: 0 | R8: 0 | S8: 0 | T8: 0 | U8: 0 | V8: 0 | W8: 0 | X8: 0 | Y8: 0 | Z8: 0 | AA8: 0 | AB8: 0 | AC8: 0 | AD8: 0 | AE8: 0 | AF8: 0 | AG8: 0 | AH8: 0 | AI8: =SUM(D8:AH8) -> 0
A9: 2212004006 | B9: GUAYABA | C9: KG | D9: 0 | E9: 0 | F9: 0 | G9: 0 | H9: 0 | I9: 0 | J9: 0 | K9: 0 | L9: 0 | M9: 0 | N9: 0 | O9: 0 | P9: 0 | Q9: 0 | R9: 0 | S9: 0 | T9: 0 | U9: 0 | V9: 0 | W9: 0 | X9: 0 | Y9: 0 | Z9: 0 | AA9: 0 | AB9: 0 | AC9: 0 | AD9: 0 | AE9: 0 | AF9: 0 | AG9: 0 | AH9: 0 | AI9: =SUM(D9:AH9) -> 0
A10: 2212004007 | B10: JICAMA | C10: KG | D10: 0 | E10: 0 | F10: 0 | G10: 0 | H10: 0 | I10: 0 | J10: 0 | K10: 0 | L10: 0 | M10: 0 | N10: 0 | O10: 0 | P10: 0 | Q10: 0 | R10: 0 | S10: 0 | T10: 0 | U10: 0 | V10: 0 | W10: 0 | X10: 0 | Y10: 0 | Z10: 0 | AA10: 0 | AB10: 0 | AC10: 0 | AD10: 0 | AE10: 0 | AF10: 0 | AG10: 0 | AH10: 0 | AI10: =SUM(D10:AH10) -> 0
A11: 2212004008 | B11: LIMA | C11: KG | D11: 0 | E11: 0 | F11: 0 | G11: 0 | H11: 0 | I11: 0 | J11: 0 | K11: 0 | L11: 0 | M11: 0 | N11: 0 | O11: 0 | P11: 0 | Q11: 0 | R11: 0 | S11: 0 | T11: 0 | U11: 0 | V11: 0 | W11: 0 | X11: 0 | Y11: 0 | Z11: 0 | AA11: 0 | AB11: 0 | AC11: 0 | AD11: 0 | AE11: 0 | AF11: 0 | AG11: 0 | AH11: 0 | AI11: =SUM(D11:AH11) -> 0
A12: 2212004009 | B12: MANDARINA | C12: KG | D12: 0 | E12: 0 | F12: 0 | G12: 0 | H12: 0 | I12: 0 | J12: 0 | K12: 0 | L12: 0 | M12: 0 | N12: 0 | O12: 0 | P12: 0 | Q12: 0 | R12: 0 | S12: 0 | T12: 0 | U12: 0 | V12: 0 | W12: 0 | X12: 0 | Y12: 0 | Z12: 0 | AA12: 0 | AB12: 0 | AC12: 0 | AD12: 0 | AE12: 0 | AF12: 0 | AG12: 0 | AH12: 0 | AI12: =SUM(D12:AH12) -> 0
A13: 2212004011 | B13: MANZANA DELICIA | C13: KG | D13: 0 | E13: 20 | F13: 0 | G13: 0 | H13: 45 | I13: 20 | J13: 0 | K13: 0 | L13: 20 | M13: 0 | N13: 30 | O13: 0 | P13: 45 | Q13: 0 | R13: 0 | S13: 0 | T13: 0 | U13: 0 | V13: 70 | W13: 20 | X13: 20 | Y13: 0 | Z13: 20 | AA13: 0 | AB13: 20 | AC13: 30 | AD13: 0 | AE13: 0 | AF13: 0 | AG13: 0 | AH13: 0 | AI13: =SUM(D13:AH13) -> 360
A14: 2212004012 | B14: MANZANA GOLDEN | C14: KG | D14: 0 | E14: 0 | F14: 0 | G14: 0 | H14: 0 | I14: 0 | J14: 0 | K14: 0 | L14: 0 | M14: 0 | N14: 0 | O14: 0 | P14: 0 | Q14: 0 | R14: 0 | S14: 0 | T14: 0 | U14: 0 | V14: 0 | W14: 0 | X14: 0 | Y14: 0 | Z14: 0 | AA14: 0 | AB14: 0 | AC14: 0 | AD14: 0 | AE14: 0 | AF14: 0 | AG14: 0 | AH14: 0 | AI14: =SUM(D14:AH14) -> 0
A15: 2212004013 | B15: MELON CANTALUP | C15: KG | D15: 0 | E15: 0 | F15: 0 | G15: 0 | H15: 0 | I15: 0 | J15: 0 | K15: 0 | L15: 0 | M15: 0 | N15: 0 | O15: 0 | P15: 0 | Q15: 0 | R15: 0 | S15: 0 | T15: 0 | U15: 0 | V15: 0 | W15: 0 | X15: 0 | Y15: 0 | Z15: 0 | AA15: 0 | AB15: 0 | AC15: 0 | AD15: 0 | AE15: 0 | AF15: 0 | AG15: 0 | AH15: 0 | AI15: =SUM(D15:AH15) -> 0
... A34: 2212004038 | B34: GRANADA CHINA | C34: PIEZA | D34: 0 | E34: 0 | F34: 0 | G34: 0 | H34: 0 | I34: 0 | J34: 0 | K34: 0 | L34: 0 | M34: 0 | N34: 0 | O34: 0 | P34: 0 | Q34: 0 | R34: 0 | S34: 0 | T34: 0 | U34: 0 | V34: 0 | W34: 0 | X34: 0 | Y34: 0 | Z34: 0 | AA34: 0 | AB34: 0 | AC34: 0 | AD34: 0 | AE34: 0 | AF34: 0 | AG34: 0 | AH34: 0 | AI34: =SUM(D34:AH34) -> 0
A35: GRUPO DE ALIMENTO: VERDURA
A36: 2212010003 | B36: CHILE JALAPEÑO | C36: KG | D36: 0 | E36: 0 | F36: 0 | G36: 0 | H36: 0 | I36: 0 | J36: 0 | K36: 0 | L36: 0 | M36: 0 | N36: 0 | O36: 0 | P36: 0 | Q36: 0 | R36: 0 | S36: 0 | T36: 0 | U36: 0 | V36: 0 | W36: 0 | X36: 0 | Y36: 0 | Z36: 0 | AA36: 0 | AB36: 0 | AC36: 0 | AD36: 0 | AE36: 0 | AF36: 0 | AG36: 0 | AH36: 0 | AI36: =SUM(D36:AH36) -> 0
A37: 2212010004 | B37: CHAMPIÑONES | C37: KG | D37: 0 | E37: 0 | F37: 0 | G37: 0 | H37: 0 | I37: 0 | J37: 0 | K37: 0 | L37: 0 | M37: 0 | N37: 0 | O37: 0 | P37: 0 | Q37: 0 | R37: 0 | S37: 0 | T37: 0 | U37: 0 | V37: 0 | W37: 0 | X37: 0 | Y37: 0 | Z37: 0 | AA37: 0 | AB37: 0 | AC37: 0 | AD37: 0 | AE37: 0 | AF37: 0 | AG37: 0 | AH37: 0 | AI37: =SUM(D37:AH37) -> 0
A38: 2212010005 | B38: TE DE LIMON | C38: MANOJO | D38: 0 | E38: 0 | F38: 0 | G38: 0 | H38: 0 | I38: 0 | J38: 0 | K38: 0 | L38: 0 | M38: 0 | N38: 0 | O38: 0 | P38: 0 | Q38: 0 | R38: 0 | S38: 0 | T38: 0 | U38: 0 | V38: 0 | W38: 0 | X38: 0 | Y38: 0 | Z38: 0 | AA38: 0 | AB38: 0 | AC38: 0 | AD38: 0 | AE38: 0 | AF38: 0 | AG38: 0 | AH38: 0 | AI38: =SUM(D38:AH38) -> 0
A39: 2212010006 | B39: TOMILLO FRESCO | C39: MANOJO | D39: 0 | E39: 0 | F39: 0 | G39: 0 | H39: 0 | I39: 0 | J39: 0 | K39: 0 | L39: 0 | M39: 0 | N39: 0 | O39: 0 | P39: 0 | Q39: 0 | R39: 0 | S39: 0 | T39: 0 | U39: 0 | V39: 0 | W39: 0 | X39: 0 | Y39: 0 | Z39: 0 | AA39: 0 | AB39: 0 | AC39: 0 | AD39: 0 | AE39: 0 | AF39: 0 | AG39: 0 | AH39: 0 | AI39: =SUM(D39:AH39) -> 0
A40: 2212010007 | B40: ACELGA | C40: MANOJO | D40: 0 | E40: 0 | F40: 0 | G40: 0 | H40: 0 | I40: 0 | J40: 0 | K40: 0 | L40: 0 | M40: 0 | N40: 0 | O40: 0 | P40: 0 | Q40: 0 | R40: 0 | S40: 0 | T40: 0 | U40: 0 | V40: 0 | W40: 0 | X40: 0 | Y40: 0 | Z40: 0 | AA40: 0 | AB40: 0 | AC40: 0 | AD40: 0 | AE40: 0 | AF40: 0 | AG40: 0 | AH40: 0 | AI40: =SUM(D40:AH40) -> 0
A41: 2212010008 | B41: AGUACATE | C41: KG | D41: 10 | E41: 0 | F41: 10 | G41: 10 | H41: 0 | I41: 10 | J41: 0 | K41: 0 | L41: 10 | M41: 0 | N41: 0 | O41: 0 | P41: 0 | Q41: 0 | R41: 10 | S41: 0 | T41: 0 | U41: 5 | V41: 0 | W41: 10 | X41: 10 | Y41: 0 | Z41: 0 | AA41: 0 | AB41: 0 | AC41: 0 | AD41: 0 | AE41: 0 | AF41: 0 | AG41: 10 | AH41: 0 | AI41: =SUM(D41:AH41) -> 95
A42: 2212010009 | B42: APIO | C42: KG | D42: 0 | E42: 0 | F42: 0 | G42: 0 | H42: 0 | I42: 0 | J42: 0 | K42: 0 | L42: 0 | M42: 0 | N42: 1 | O42: 0 | P42: 0 | Q42: 0 | R42: 0 | S42: 0 | T42: 0 | U42: 0 | V42: 0 | W42: 0 | X42: 0 | Y42: 0 | Z42: 0 | AA42: 0 | AB42: 0 | AC42: 0 | AD42: 0 | AE42: 0 | AF42: 0 | AG42: 0 | AH42: 0 | AI42: =SUM(D42:AH42) -> 1
A43: 2212010010 | B43: BETABEL | C43: MANOJO | D43: 0 | E43: 0 | F43: 0 | G43: 0 | H43: 0 | I43: 0 | J43: 0 | K43: 0 | L43: 0 | M43: 0 | N43: 0 | O43: 0 | P43: 0 | Q43: 0 | R43: 0 | S43: 0 | T43: 0 | U43: 0 | V43: 0 | W43: 0 | X43: 0 | Y43: 0 | Z43: 0 | AA43: 0 | AB43: 0 | AC43: 0 | AD43: 0 | AE43: 0 | AF43: 0 | AG43: 0 | AH43: 0 | AI43: =SUM(D43:AH43) -> 0
A44: 2212010011 | B44: BROCOLI | C44: KG | D44: 0 | E44: 0 | F44: 0 | G44: 0 | H44: 0 | I44: 0 | J44: 0 | K44: 0 | L44: 0 | M44: 0 | N44: 0 | O44: 0 | P44: 0 | Q44: 0 | R44: 0 | S44: 0 | T44: 0 | U44: 0 | V44: 0 | W44: 0 | X44: 0 | Y44: 0 | Z44: 0 | AA44: 0 | AB44: 0 | AC44: 0 | AD44: 0 | AE44: 0 | AF44: 0 | AG44: 0 | AH44: 0 | AI44: =SUM(D44:AH44) -> 0
A45: 2212010012 | B45: CALABACITA ITALIANA | C45: KG | D45: 17 | E45: 7 | F45: 43 | G45: 7 | H45: 7 | I45: 15 | J45: 17 | K45: 5 | L45: 5 | M45: 5 | N45: 5 | O45: 10 | P45: 5 | Q45: 5 | R45: 7 | S45: 5 | T45: 0 | U45: 13 | V45: 7 | W45: 7 | X45: 35 | Y45: 5 | Z45: 5 | AA45: 5 | AB45: 7 | AC45: 5 | AD45: 5 | AE45: 5 | AF45: 7 | AG45: 17 | AH45: 0 | AI45: =SUM(D45:AH45) -> 288
A46: 2212010013 | B46: CALABAZA DURA | C46: KG | D46: 0 | E46: 0 | F46: 15 | G46: 0 | H46: 0 | I46: 0 | J46: 0 | K46: 0 | L46: 0 | M46: 0 | N46: 0 | O46: 0 | P46: 0 | Q46: 0 | R46: 0 | S46: 0 | T46: 0 | U46: 0 | V46: 0 | W46: 0 | X46: 0 | Y46: 0 | Z46: 0 | AA46: 0 | AB46: 0 | AC46: 0 | AD46: 0 | AE46: 0 | AF46: 0 | AG46: 0 | AH46: 0 | AI46: =SUM(D46:AH46) -> 15
A47: 2212010014 | B47: CAMOTE AMARILLO | C47: KG | D47: 0 | E47: 0 | F47: 0 | G47: 0 | H47: 0 | I47: 0 | J47: 0 | K47: 0 | L47: 0 | M47: 0 | N47: 0 | O47: 0 | P47: 0 | Q47: 0 | R47: 0 | S47: 0 | T47: 0 | U47: 0 | V47: 0 | W47: 0 | X47: 0 | Y47: 0 | Z47: 0 | AA47: 0 | AB47: 0 | AC47: 0 | AD47: 0 | AE47: 0 | AF47: 0 | AG47: 0 | AH47: 0 | AI47: =SUM(D47:AH47) -> 0
... A89: 2212004040 | B89: RABANO CHAMPION SIN RABO | C89: KG | D89: 0 | E89: 0 | F89: 0 | G89: 0 | H89: 0 | I89: 0 | J89: 0 | K89: 0 | L89: 0 | M89: 0 | N89: 0 | O89: 0 | P89: 0 | Q89: 0 | R89: 0 | S89: 0 | T89: 0 | U89: 0 | V89: 0 | W89: 0 | X89: 0 | Y89: 0 | Z89: 0 | AA89: 0 | AB89: 0 | AC89: 0 | AD89: 0 | AE89: 0 | AF89: 0 | AG89: 0 | AH89: 0 | AI89: =SUM(D89:AH89) -> 0
A90: GRUPO DE ALIMENTO: CERDO
A91: 2212002001 | B91: FAJITAS DE CERDO | C91: KG | D91: 0 | E91: 0 | F91: 0 | G91: 0 | H91: 0 | I91: 0 | J91: 0 | K91: 0 | L91: 0 | M91: 0 | N91: 0 | O91: 25 | P91: 0 | Q91: 0 | R91: 0 | S91: 0 | T91: 0 | U91: 0 | V91: 0 | W91: 0 | X91: 0 | Y91: 0 | Z91: 0 | AA91: 0 | AB91: 0 | AC91: 0 | AD91: 0 | AE91: 0 | AF91: 0 | AG91: 0 | AH91: 0 | AI91: =SUM(D91:AH91) -> 25
A92: 2212002004 | B92: CARNAZA DE CERDO EN TROZO | C92: KG | D92: 0 | E92: 0 | F92: 0 | G92: 0 | H92: 0 | I92: 0 | J92: 0 | K92: 0 | L92: 0 | M92: 0 | N92: 0 | O92: 0 | P92: 0 | Q92: 5 | R92: 10 | S92: 0 | T92: 0 | U92: 0 | V92: 0 | W92: 0 | X92: 0 | Y92: 0 | Z92: 0 | AA92: 0 | AB92: 0 | AC92: 0 | AD92: 0 | AE92: 0 | AF92: 0 | AG92: 5 | AH92: 0 | AI92: =SUM(D92:AH92) -> 20
A93: 2212002007 | B93: CARNE MOLIDA DE CERDO POCA GRASA | C93: KG | D93: 0 | E93: 0 | F93: 0 | G93: 0 | H93: 0 | I93: 0 | J93: 0 | K93: 30 | L93: 0 | M93: 0 | N93: 0 | O93: 0 | P93: 0 | Q93: 0 | R93: 0 | S93: 0 | T93: 0 | U93: 0 | V93: 0 | W93: 20 | X93: 0 | Y93: 0 | Z93: 0 | AA93: 40 | AB93: 0 | AC93: 30 | AD93: 0 | AE93: 0 | AF93: 0 | AG93: 0 | AH93: 0 | AI93: =SUM(D93:AH93) -> 120
A94: 2212002009 | B94: CHAMORRO DE CERDO PARTIDO | C94: KG | D94: 0 | E94: 0 | F94: 0 | G94: 0 | H94: 0 | I94: 0 | J94: 0 | K94: 0 | L94: 0 | M94: 0 | N94: 0 | O94: 0 | P94: 0 | Q94: 0 | R94: 7 | S94: 0 | T94: 0 | U94: 0 | V94: 0 | W94: 35 | X94: 0 | Y94: 0 | Z94: 0 | AA94: 0 | AB94: 0 | AC94: 0 | AD94: 0 | AE94: 0 | AF94: 0 | AG94: 0 | AH94: 0 | AI94: =SUM(D94:AH94) -> 42
A95: 2212002010 | B95: CHULETA DE CERDO AHUMADA CORTE DE 120GR C/U | C95: KG | D95: 0 | E95: 0 | F95: 0 | G95: 0 | H95: 0 | I95: 0 | J95: 0 | K95: 0 | L95: 0 | M95: 0 | N95: 0 | O95: 0 | P95: 0 | Q95: 0 | R95: 0 | S95: 0 | T95: 0 | U95: 0 | V95: 0 | W95: 0 | X95: 0 | Y95: 0 | Z95: 0 | AA95: 0 | AB95: 0 | AC95: 0 | AD95: 0 | AE95: 0 | AF95: 0 | AG95: 0 | AH95: 0 | AI95: =SUM(D95:AH95) -> 0
A96: 2212002011 | B96: COSTILLA DE CERDO EN TROCITO | C96: KG | D96: 0 | E96: 0 | F96: 0 | G96: 0 | H96: 0 | I96: 30 | J96: 0 | K96: 40 | L96: 0 | M96: 30 | N96: 0 | O96: 0 | P96: 0 | Q96: 35 | R96: 0 | S96: 0 | T96: 0 | U96: 0 | V96: 0 | W96: 0 | X96: 0 | Y96: 0 | Z96: 0 | AA96: 0 | AB96: 0 | AC96: 0 | AD96: 0 | AE96: 0 | AF96: 0 | AG96: 20 | AH96: 0 | AI96: =SUM(D96:AH96) -> 155
A97: 2212002014 | B97: LOMO DE CERDO | C97: KG | D97: 0 | E97: 0 | F97: 0 | G97: 0 | H97: 0 | I97: 0 | J97: 0 | K97: 0 | L97: 0 | M97: 0 | N97: 0 | O97: 0 | P97: 0 | Q97: 0 | R97: 0 | S97: 0 | T97: 0 | U97: 0 | V97: 0 | W97: 0 | X97: 0 | Y97: 0 | Z97: 0 | AA97: 0 | AB97: 0 | AC97: 0 | AD97: 0 | AE97: 0 | AF97: 0 | AG97: 0 | AH97: 0 | AI97: =SUM(D97:AH97) -> 0
A98: 2212002016 | B98: MILANESA DE CERDO | C98: KG | D98: 0 | E98: 0 | F98: 0 | G98: 0 | H98: 0 | I98: 0 | J98: 0 | K98: 0 | L98: 0 | M98: 0 | N98: 0 | O98: 0 | P98: 0 | Q98: 0 | R98: 0 | S98: 0 | T98: 0 | U98: 0 | V98: 0 | W98: 0 | X98: 0 | Y98: 0 | Z98: 0 | AA98: 0 | AB98: 0 | AC98: 0 | AD98: 0 | AE98: 0 | AF98: 0 | AG98: 0 | AH98: 0 | AI98: =SUM(D98:AH98) -> 0
A99: 2212002018 | B99: PIERNA DE CERDO EN TROZO CORTE DE 3 KILOS | C99: KG | D99: 0 | E99: 0 | F99: 0 | G99: 0 | H99: 0 | I99: 0 | J99: 0 | K99: 0 | L99: 0 | M99: 0 | N99: 0 | O99: 0 | P99: 40 | Q99: 0 | R99: 0 | S99: 0 | T99: 0 | U99: 0 | V99: 0 | W99: 0 | X99: 0 | Y99: 0 | Z99: 0 | AA99: 0 | AB99: 0 | AC99: 0 | AD99: 0 | AE99: 0 | AF99: 0 | AG99: 0 | AH99: 0 | AI99: =SUM(D99:AH99) -> 40
A100: 2212002022 | B100: PIERNA DE CERDO EN TROCITO | C100: KG | D100: 0 | E100: 0 | F100: 0 | G100: 0 | H100: 0 | I100: 0 | J100: 0 | K100: 0 | L100: 0 | M100: 0 | N100: 0 | O100: 0 | P100: 0 | Q100: 0 | R100: 0 | S100: 0 | T100: 25 | U100: 0 | V100: 0 | W100: 0 | X100: 0 | Y100: 0 | Z100: 0 | AA100: 0 | AB100: 0 | AC100: 0 | AD100: 0 | AE100: 40 | AF100: 0 | AG100: 0 | AH100: 0 | AI100: =SUM(D100:AH100) -> 65
A101: 2212002023 | B101: CARNITAS | C101: KG | D101: 0 | E101: 0 | F101: 0 | G101: 0 | H101: 0 | I101: 0 | J101: 0 | K101: 0 | L101: 0 | M101: 0 | N101: 0 | O101: 0 | P101: 0 | Q101: 0 | R101: 0 | S101: 0 | T101: 0 | U101: 0 | V101: 0 | W101: 0 | X101: 0 | Y101: 0 | Z101: 0 | AA101: 0 | AB101: 0 | AC101: 0 | AD101: 0 | AE101: 0 | AF101: 0 | AG101: 0 | AH101: 45 | AI101: =SUM(D101:AH101) -> 45
A102: 2212002025 | B102: CABEZA DE CERDO PARTIDA | C102: KG | D102: 0 | E102: 0 | F102: 0 | G102: 0 | H102: 0 | I102: 0 | J102: 0 | K102: 0 | L102: 0 | M102: 0 | N102: 0 | O102: 0 | P102: 0 | Q102: 0 | R102: 17 | S102: 0 | T102: 0 | U102: 0 | V102: 0 | W102: 0 | X102: 0 | Y102: 0 | Z102: 0 | AA102: 0 | AB102: 0 | AC102: 0 | AD102: 0 | AE102: 0 | AF102: 0 | AG102: 0 | AH102: 0 | AI102: =SUM(D102:AH102) -> 17
... A111: 2212002046 | B111: LOMO MECHADO | C111: KG | D111: 0 | E111: 0 | F111: 0 | G111: 0 | H111: 0 | I111: 0 | J111: 0 | K111: 0 | L111: 0 | M111: 0 | N111: 0 | O111: 0 | P111: 0 | Q111: 0 | R111: 0 | S111: 0 | T111: 0 | U111: 0 | V111: 0 | W111: 0 | X111: 0 | Y111: 0 | Z111: 0 | AA111: 0 | AB111: 0 | AC111: 0 | AD111: 0 | AE111: 0 | AF111: 0 | AG111: 0 | AH111: 0 | AI111: =SUM(D111:AH111) -> 0
A112: GRUPO DE ALIMENTO: RES
A113: 2212002003 | B113: BISTECK DE RES AGUAYON PARA BROCHETA | C113: KG | D113: 0 | E113: 0 | F113: 0 | G113: 0 | H113: 0 | I113: 0 | J113: 0 | K113: 0 | L113: 0 | M113: 0 | N113: 0 | O113: 0 | P113: 0 | Q113: 0 | R113: 0 | S113: 0 | T113: 0 | U113: 0 | V113: 0 | W113: 0 | X113: 0 | Y113: 0 | Z113: 0 | AA113: 30 | AB113: 0 | AC113: 0 | AD113: 0 | AE113: 0 | AF113: 0 | AG113: 0 | AH113: 0 | AI113: =SUM(D113:AH113) -> 30
A114: 2212002005 | B114: CARNE DE RES PARA COCIDO CON PLATANO Y POCO HUESO | C114: KG | D114: 0 | E114: 0 | F114: 0 | G114: 0 | H114: 0 | I114: 35 | J114: 0 | K114: 0 | L114: 0 | M114: 0 | N114: 0 | O114: 0 | P114: 0 | Q114: 0 | R114: 0 | S114: 0 | T114: 0 | U114: 0 | V114: 0 | W114: 0 | X114: 0 | Y114: 0 | Z114: 0 | AA114: 0 | AB114: 0 | AC114: 0 | AD114: 0 | AE114: 0 | AF114: 0 | AG114: 0 | AH114: 0 | AI114: =SUM(D114:AH114) -> 35
A115: 2212002006 | B115: CARNE DE RES PARA DESHEBRAR CORTE DE KILO | C115: KG | D115: 0 | E115: 0 | F115: 0 | G115: 0 | H115: 0 | I115: 0 | J115: 0 | K115: 0 | L115: 0 | M115: 0 | N115: 0 | O115: 0 | P115: 0 | Q115: 0 | R115: 0 | S115: 0 | T115: 0 | U115: 0 | V115: 0 | W115: 0 | X115: 0 | Y115: 0 | Z115: 0 | AA115: 0 | AB115: 0 | AC115: 0 | AD115: 0 | AE115: 0 | AF115: 0 | AG115: 0 | AH115: 0 | AI115: =SUM(D115:AH115) -> 0
A116: 2212002008 | B116: CARNE MOLIDA DE RES POCA GRASA | C116: KG | D116: 0 | E116: 0 | F116: 0 | G116: 0 | H116: 0 | I116: 0 | J116: 0 | K116: 0 | L116: 0 | M116: 0 | N116: 0 | O116: 0 | P116: 0 | Q116: 0 | R116: 0 | S116: 0 | T116: 0 | U116: 0 | V116: 0 | W116: 0 | X116: 0 | Y116: 0 | Z116: 0 | AA116: 0 | AB116: 0 | AC116: 0 | AD116: 0 | AE116: 0 | AF116: 0 | AG116: 0 | AH116: 0 | AI116: =SUM(D116:AH116) -> 0
A117: 2212002012 | B117: CUETE DE RES EN TROCITO | C117: KG | D117: 0 | E117: 0 | F117: 0 | G117: 0 | H117: 0 | I117: 0 | J117: 0 | K117: 0 | L117: 0 | M117: 0 | N117: 0 | O117: 0 | P117: 0 | Q117: 0 | R117: 0 | S117: 0 | T117: 0 | U117: 0 | V117: 0 | W117: 0 | X117: 0 | Y117: 0 | Z117: 0 | AA117: 0 | AB117: 0 | AC117: 0 | AD117: 0 | AE117: 0 | AF117: 0 | AG117: 0 | AH117: 0 | AI117: =SUM(D117:AH117) -> 0
A118: 2212002013 | B118: FAJITAS DE RES | C118: KG | D118: 0 | E118: 0 | F118: 0 | G118: 0 | H118: 0 | I118: 0 | J118: 0 | K118: 0 | L118: 0 | M118: 0 | N118: 30 | O118: 35 | P118: 0 | Q118: 0 | R118: 0 | S118: 0 | T118: 0 | U118: 0 | V118: 30 | W118: 0 | X118: 0 | Y118: 0 | Z118: 0 | AA118: 0 | AB118: 30 | AC118: 0 | AD118: 0 | AE118: 0 | AF118: 0 | AG118: 0 | AH118: 0 | AI118: =SUM(D118:AH118) -> 125
A119: 2212002015 | B119: MENUDO DE RES | C119: KG | D119: 0 | E119: 0 | F119: 0 | G119: 0 | H119: 0 | I119: 0 | J119: 0 | K119: 0 | L119: 0 | M119: 0 | N119: 0 | O119: 0 | P119: 0 | Q119: 0 | R119: 0 | S119: 0 | T119: 0 | U119: 0 | V119: 0 | W119: 0 | X119: 0 | Y119: 0 | Z119: 0 | AA119: 0 | AB119: 0 | AC119: 0 | AD119: 0 | AE119: 0 | AF119: 0 | AG119: 0 | AH119: 0 | AI119: =SUM(D119:AH119) -> 0
A120: 2212002019 | B120: BISTECK DE RES BOLA | C120: KG | D120: 0 | E120: 0 | F120: 0 | G120: 0 | H120: 0 | I120: 0 | J120: 0 | K120: 0 | L120: 0 | M120: 0 | N120: 0 | O120: 0 | P120: 0 | Q120: 0 | R120: 0 | S120: 0 | T120: 0 | U120: 0 | V120: 0 | W120: 0 | X120: 0 | Y120: 0 | Z120: 0 | AA120: 0 | AB120: 0 | AC120: 0 | AD120: 0 | AE120: 0 | AF120: 0 | AG120: 0 | AH120: 0 | AI120: =SUM(D120:AH120) -> 0
A121: 2212002020 | B121: COSTILLA DE RES CARGADA | C121: KG | D121: 0 | E121: 0 | F121: 0 | G121: 0 | H121: 0 | I121: 0 | J121: 0 | K121: 0 | L121: 0 | M121: 0 | N121: 0 | O121: 0 | P121: 0 | Q121: 0 | R121: 0 | S121: 0 | T121: 0 | U121: 0 | V121: 0 | W121: 0 | X121: 0 | Y121: 0 | Z121: 0 | AA121: 0 | AB121: 0 | AC121: 0 | AD121: 0 | AE121: 0 | AF121: 0 | AG121: 0 | AH121: 0 | AI121: =SUM(D121:AH121) -> 0
A122: 2212002021 | B122: FALDA DE RES EN TROZO | C122: KG | D122: 0 | E122: 0 | F122: 0 | G122: 0 | H122: 0 | I122: 0 | J122: 0 | K122: 0 | L122: 0 | M122: 0 | N122: 0 | O122: 0 | P122: 0 | Q122: 0 | R122: 0 | S122: 0 | T122: 0 | U122: 0 | V122: 0 | W122: 0 | X122: 0 | Y122: 0 | Z122: 0 | AA122: 0 | AB122: 0 | AC122: 0 | AD122: 0 | AE122: 0 | AF122: 40 | AG122: 0 | AH122: 0 | AI122: =SUM(D122:AH122) -> 40
A123: 2212002024 | B123: CHAMBERETE DE RES | C123: KG | D123: 0 | E123: 0 | F123: 0 | G123: 0 | H123: 0 | I123: 0 | J123: 0 | K123: 0 | L123: 0 | M123: 0 | N123: 0 | O123: 0 | P123: 0 | Q123: 0 | R123: 0 | S123: 0 | T123: 0 | U123: 0 | V123: 0 | W123: 0 | X123: 0 | Y123: 0 | Z123: 0 | AA123: 0 | AB123: 0 | AC123: 0 | AD123: 0 | AE123: 0 | AF123: 0 | AG123: 45 | AH123: 0 | AI123: =SUM(D123:AH123) -> 45
A124: 2212002032 | B124: CHULETA DE RES CORTE DE 200GR C/U | C124: KG | D124: 0 | E124: 0 | F124: 0 | G124: 0 | H124: 0 | I124: 0 | J124: 0 | K124: 0 | L124: 0 | M124: 0 | N124: 0 | O124: 0 | P124: 0 | Q124: 0 | R124: 0 | S124: 0 | T124: 0 | U124: 0 | V124: 0 | W124: 0 | X124: 0 | Y124: 0 | Z124: 0 | AA124: 0 | AB124: 0 | AC124: 0 | AD124: 0 | AE124: 0 | AF124: 0 | AG124: 0 | AH124: 0 | AI124: =SUM(D124:AH124) -> 0
... A131: 2212002044 | B131: TERNERA CON HUESO | C131: KG | D131: 0 | E131: 0 | F131: 0 | G131: 0 | H131: 0 | I131: 0 | J131: 0 | K131: 0 | L131: 0 | M131: 0 | N131: 0 | O131: 0 | P131: 0 | Q131: 0 | R131: 0 | S131: 0 | T131: 0 | U131: 0 | V131: 0 | W131: 0 | X131: 0 | Y131: 0 | Z131: 0 | AA131: 0 | AB131: 0 | AC131: 0 | AD131: 0 | AE131: 0 | AF131: 0 | AG131: 0 | AH131: 0 | AI131: =SUM(D131:AH131) -> 0
A132: GRUPO DE ALIMENTO: POLLO
A133: 2212006001 | B133: PECHUGA DE POLLO EN FAJITAS | C133: KG | D133: 20 | E133: 35 | F133: 0 | G133: 0 | H133: 0 | I133: 0 | J133: 0 | K133: 0 | L133: 0 | M133: 0 | N133: 0 | O133: 40 | P133: 0 | Q133: 0 | R133: 0 | S133: 35 | T133: 0 | U133: 0 | V133: 0 | W133: 0 | X133: 0 | Y133: 0 | Z133: 0 | AA133: 0 | AB133: 0 | AC133: 0 | AD133: 0 | AE133: 65 | AF133: 0 | AG133: 0 | AH133: 0 | AI133: =SUM(D133:AH133) -> 195
A134: 2212006003 | B134: POLLO PARTIDO EN 8 PIGMENTADO SIN PIEL PESCUEZO Y MOLLEJAS | C134: KG | D134: 0 | E134: 0 | F134: 40 | G134: 0 | H134: 0 | I134: 0 | J134: 0 | K134: 0 | L134: 0 | M134: 0 | N134: 0 | O134: 0 | P134: 0 | Q134: 0 | R134: 0 | S134: 0 | T134: 0 | U134: 0 | V134: 0 | W134: 0 | X134: 0 | Y134: 0 | Z134: 0 | AA134: 0 | AB134: 0 | AC134: 0 | AD134: 0 | AE134: 0 | AF134: 0 | AG134: 0 | AH134: 0 | AI134: =SUM(D134:AH134) -> 40
A135: 2212006004 | B135: HUEVO KILO | C135: KG | D135: 0 | E135: 0 | F135: 0 | G135: 0 | H135: 25 | I135: 0 | J135: 40 | K135: 0 | L135: 0 | M135: 6 | N135: 0 | O135: 0 | P135: 0 | Q135: 25 | R135: 55 | S135: 0 | T135: 25 | U135: 0 | V135: 40 | W135: 0 | X135: 0 | Y135: 0 | Z135: 0 | AA135: 0 | AB135: 0 | AC135: 0 | AD135: 26 | AE135: 0 | AF135: 0 | AG135: 35 | AH135: 0 | AI135: =SUM(D135:AH135) -> 277
A136: 2212006005 | B136: PECHUGA DE POLLO SIN HUESO PARTIDA PARA BROCHETA | C136: KG | D136: 0 | E136: 0 | F136: 0 | G136: 0 | H136: 0 | I136: 0 | J136: 0 | K136: 0 | L136: 0 | M136: 0 | N136: 0 | O136: 0 | P136: 0 | Q136: 0 | R136: 0 | S136: 0 | T136: 0 | U136: 0 | V136: 0 | W136: 0 | X136: 0 | Y136: 0 | Z136: 0 | AA136: 0 | AB136: 0 | AC136: 0 | AD136: 0 | AE136: 0 | AF136: 0 | AG136: 0 | AH136: 45 | AI136: =SUM(D136:AH136) -> 45
A137: 2212006006 | B137: PECHUGA DE POLLO CON HUESO | C137: KG | D137: 0 | E137: 0 | F137: 0 | G137: 0 | H137: 30 | I137: 0 | J137: 0 | K137: 0 | L137: 0 | M137: 0 | N137: 0 | O137: 0 | P137: 40 | Q137: 0 | R137: 0 | S137: 0 | T137: 0 | U137: 0 | V137: 0 | W137: 0 | X137: 0 | Y137: 0 | Z137: 0 | AA137: 0 | AB137: 0 | AC137: 33 | AD137: 0 | AE137: 0 | AF137: 0 | AG137: 0 | AH137: 0 | AI137: =SUM(D137:AH137) -> 103
A138: 2212006009 | B138: PECHUGA DE POLLO EN FILETE DE 150 GRS. C/U | C138: KG | D138: 0 | E138: 0 | F138: 0 | G138: 0 | H138: 0 | I138: 0 | J138: 0 | K138: 0 | L138: 0 | M138: 0 | N138: 0 | O138: 0 | P138: 0 | Q138: 0 | R138: 0 | S138: 0 | T138: 0 | U138: 0 | V138: 0 | W138: 0 | X138: 0 | Y138: 0 | Z138: 0 | AA138: 0 | AB138: 0 | AC138: 0 | AD138: 0 | AE138: 0 | AF138: 0 | AG138: 0 | AH138: 0 | AI138: =SUM(D138:AH138) -> 0
A139: 2212006011 | B139: HAMBURGUESA DE POLLO CONGELADA DE 120GR | C139: PIEZA | D139: 0 | E139: 0 | F139: 0 | G139: 0 | H139: 0 | I139: 0 | J139: 0 | K139: 0 | L139: 0 | M139: 0 | N139: 0 | O139: 0 | P139: 0 | Q139: 0 | R139: 0 | S139: 0 | T139: 0 | U139: 0 | V139: 0 | W139: 0 | X139: 0 | Y139: 0 | Z139: 0 | AA139: 0 | AB139: 0 | AC139: 0 | AD139: 0 | AE139: 0 | AF139: 0 | AG139: 0 | AH139: 0 | AI139: =SUM(D139:AH139) -> 0
A140: 2212006012 | B140: POLLO ROSTIZADO (1,200 KG C/U) | C140: PIEZA | D140: 0 | E140: 0 | F140: 0 | G140: 0 | H140: 0 | I140: 0 | J140: 0 | K140: 0 | L140: 0 | M140: 0 | N140: 0 | O140: 0 | P140: 0 | Q140: 0 | R140: 0 | S140: 0 | T140: 0 | U140: 0 | V140: 0 | W140: 0 | X140: 0 | Y140: 0 | Z140: 0 | AA140: 0 | AB140: 0 | AC140: 0 | AD140: 0 | AE140: 0 | AF140: 0 | AG140: 0 | AH140: 0 | AI140: =SUM(D140:AH140) -> 0
A141: 2212006013 | B141: PECHUGA DE POLLO SIN HUESO | C141: KG | D141: 0 | E141: 0 | F141: 0 | G141: 0 | H141: 0 | I141: 0 | J141: 0 | K141: 0 | L141: 0 | M141: 0 | N141: 0 | O141: 0 | P141: 0 | Q141: 0 | R141: 0 | S141: 0 | T141: 0 | U141: 0 | V141: 0 | W141: 0 | X141: 0 | Y141: 0 | Z141: 0 | AA141: 0 | AB141: 0 | AC141: 0 | AD141: 0 | AE141: 0 | AF141: 0 | AG141: 0 | AH141: 0 | AI141: =SUM(D141:AH141) -> 0
A142: GRUPO DE ALIMENTO: PESCADOS Y MARISCOS
A143: 2212007001 | B143: CAMARON FRESCO | C143: KG | D143: 24 | E143: 0 | F143: 0 | G143: 0 | H143: 0 | I143: 0 | J143: 30 | K143: 0 | L143: 0 | M143: 0 | N143: 0 | O143: 0 | P143: 0 | Q143: 0 | R143: 0 | S143: 0 | T143: 0 | U143: 30 | V143: 0 | W143: 0 | X143: 0 | Y143: 0 | Z143: 0 | AA143: 0 | AB143: 0 | AC143: 0 | AD143: 0 | AE143: 0 | AF143: 0 | AG143: 0 | AH143: 0 | AI143: =SUM(D143:AH143) -> 84
A144: 2212007002 | B144: CAMARON SECO | C144: KG | D144: 0 | E144: 0 | F144: 0 | G144: 0 | H144: 0 | I144: 0 | J144: 0 | K144: 0 | L144: 0 | M144: 0 | N144: 0 | O144: 0 | P144: 0 | Q144: 0 | R144: 0 | S144: 0 | T144: 0 | U144: 0 | V144: 0 | W144: 0 | X144: 0 | Y144: 0 | Z144: 0 | AA144: 0 | AB144: 0 | AC144: 0 | AD144: 0 | AE144: 0 | AF144: 0 | AG144: 0 | AH144: 0 | AI144: =SUM(D144:AH144) -> 0
A145: 2212007003 | B145: CAZON TIERNO S/ ESPINAS PIEZA | C145: KG | D145: 0 | E145: 0 | F145: 0 | G145: 0 | H145: 0 | I145: 0 | J145: 0 | K145: 0 | L145: 0 | M145: 0 | N145: 0 | O145: 0 | P145: 0 | Q145: 0 | R145: 0 | S145: 0 | T145: 0 | U145: 0 | V145: 0 | W145: 0 | X145: 0 | Y145: 0 | Z145: 0 | AA145: 0 | AB145: 0 | AC145: 0 | AD145: 0 | AE145: 0 | AF145: 0 | AG145: 0 | AH145: 0 | AI145: =SUM(D145:AH145) -> 0
A146: 2212007004 | B146: FILETE DE PESCADO HUACHINANGO CORTE DE 150GR C/U | C146: KG | D146: 0 | E146: 0 | F146: 0 | G146: 0 | H146: 0 | I146: 0 | J146: 0 | K146: 0 | L146: 0 | M146: 0 | N146: 0 | O146: 0 | P146: 0 | Q146: 0 | R146: 0 | S146: 0 | T146: 0 | U146: 0 | V146: 0 | W146: 0 | X146: 0 | Y146: 0 | Z146: 0 | AA146: 0 | AB146: 0 | AC146: 0 | AD146: 0 | AE146: 0 | AF146: 0 | AG146: 0 | AH146: 0 | AI146: =SUM(D146:AH146) -> 0
A147: 2212007005 | B147: MARLÍN | C147: KG | D147: 0 | E147: 0 | F147: 0 | G147: 0 | H147: 0 | I147: 0 | J147: 0 | K147: 0 | L147: 0 | M147: 0 | N147: 0 | O147: 0 | P147: 0 | Q147: 0 | R147: 0 | S147: 0 | T147: 0 | U147: 0 | V147: 0 | W147: 0 | X147: 0 | Y147: 0 | Z147: 0 | AA147: 0 | AB147: 0 | AC147: 0 | AD147: 0 | AE147: 0 | AF147: 0 | AG147: 0 | AH147: 0 | AI147: =SUM(D147:AH147) -> 0
A148: 2212007006 | B148: SURIMI | C148: KG | D148: 0 | E148: 0 | F148: 0 | G148: 0 | H148: 0 | I148: 0 | J148: 0 | K148: 0 | L148: 0 | M148: 0 | N148: 0 | O148: 0 | P148: 0 | Q148: 0 | R148: 0 | S148: 0 | T148: 0 | U148: 0 | V148: 0 | W148: 0 | X148: 0 | Y148: 0 | Z148: 0 | AA148: 0 | AB148: 0 | AC148: 0 | AD148: 0 | AE148: 0 | AF148: 0 | AG148: 0 | AH148: 0 | AI148: =SUM(D148:AH148) -> 0
A149: 2212007007 | B149: FILETE DE PESCADO CAZON EN CUBITO | C149: KG | D149: 0 | E149: 0 | F149: 0 | G149: 0 | H149: 0 | I149: 0 | J149: 0 | K149: 0 | L149: 0 | M149: 0 | N149: 0 | O149: 0 | P149: 0 | Q149: 0 | R149: 0 | S149: 0 | T149: 0 | U149: 0 | V149: 0 | W149: 0 | X149: 0 | Y149: 0 | Z149: 0 | AA149: 0 | AB149: 0 | AC149: 0 | AD149: 0 | AE149: 0 | AF149: 0 | AG149: 0 | AH149: 0 | AI149: =SUM(D149:AH149) -> 0
A150: 2212007008 | B150: HUACHINANGO TROZO S/ESPINAS SIN CABEZA, ESCAMAS BRILLANTES Y PAGADAS A LA PIEL | C150: KG | D150: 0 | E150: 0 | F150: 0 | G150: 0 | H150: 0 | I150: 0 | J150: 0 | K150: 0 | L150: 0 | M150: 0 | N150: 0 | O150: 0 | P150: 0 | Q150: 0 | R150: 0 | S150: 0 | T150: 0 | U150: 0 | V150: 0 | W150: 0 | X150: 0 | Y150: 0 | Z150: 0 | AA150: 0 | AB150: 0 | AC150: 0 | AD150: 0 | AE150: 0 | AF150: 0 | AG150: 0 | AH150: 0 | AI150: =SUM(D150:AH150) -> 0
A151: 2212007009 | B151: PULPO LIMPIO FRESCO SIN CONGELAR | C151: KG | D151: 24 | E151: 0 | F151: 0 | G151: 0 | H151: 0 | I151: 0 | J151: 0 | K151: 0 | L151: 0 | M151: 0 | N151: 0 | O151: 0 | P151: 0 | Q151: 0 | R151: 0 | S151: 0 | T151: 0 | U151: 20 | V151: 0 | W151: 0 | X151: 0 | Y151: 0 | Z151: 0 | AA151: 0 | AB151: 0 | AC151: 0 | AD151: 0 | AE151: 0 | AF151: 0 | AG151: 0 | AH151: 0 | AI151: =SUM(D151:AH151) -> 44
A152: 2212007010 | B152: TROZO DE PESCADO | C152: KG | D152: 0 | E152: 0 | F152: 0 | G152: 0 | H152: 0 | I152: 0 | J152: 0 | K152: 0 | L152: 0 | M152: 0 | N152: 0 | O152: 0 | P152: 0 | Q152: 0 | R152: 0 | S152: 0 | T152: 0 | U152: 0 | V152: 0 | W152: 0 | X152: 0 | Y152: 0 | Z152: 0 | AA152: 0 | AB152: 0 | AC152: 0 | AD152: 0 | AE152: 0 | AF152: 0 | AG152: 0 | AH152: 0 | AI152: =SUM(D152:AH152) -> 0
A153: GRUPO DE ALIMENTO: EMBUTIDOS
A154: 2212003002 | B154: CHORIZO | C154: KG | D154: 0 | E154: 0 | F154: 0 | G154: 0 | H154: 0 | I154: 0 | J154: 0 | K154: 0 | L154: 0 | M154: 0 | N154: 0 | O154: 0 | P154: 0 | Q154: 0 | R154: 0 | S154: 0 | T154: 0 | U154: 0 | V154: 0 | W154: 0 | X154: 0 | Y154: 0 | Z154: 0 | AA154: 0 | AB154: 0 | AC154: 0 | AD154: 0 | AE154: 0 | AF154: 0 | AG154: 0 | AH154: 0 | AI154: =SUM(D154:AH154) -> 0
A155: 2212003003 | B155: JAMON DE PECHUGA DE PAVO REBANADA DE 30 G | C155: KG | D155: 0 | E155: 0 | F155: 0 | G155: 10 | H155: 19 | I155: 0 | J155: 22 | K155: 0 | L155: 13 | M155: 0 | N155: 0 | O155: 0 | P155: 0 | Q155: 0 | R155: 0 | S155: 0 | T155: 0 | U155: 10 | V155: 0 | W155: 7 | X155: 8 | Y155: 10 | Z155: 0 | AA155: 0 | AB155: 0 | AC155: 13 | AD155: 0 | AE155: 0 | AF155: 0 | AG155: 12 | AH155: 0 | AI155: =SUM(D155:AH155) -> 124
A156: 2212003004 | B156: JAMON DE PIERNA REBANADA DE 100GR | C156: KG | D156: 0 | E156: 0 | F156: 0 | G156: 0 | H156: 0 | I156: 0 | J156: 0 | K156: 0 | L156: 0 | M156: 0 | N156: 0 | O156: 0 | P156: 0 | Q156: 0 | R156: 0 | S156: 0 | T156: 0 | U156: 0 | V156: 0 | W156: 0 | X156: 0 | Y156: 0 | Z156: 0 | AA156: 0 | AB156: 0 | AC156: 0 | AD156: 0 | AE156: 0 | AF156: 0 | AG156: 0 | AH156: 0 | AI156: =SUM(D156:AH156) -> 0
A157: 2212003008 | B157: TOCINO REBANADO | C157: KG | D157: 0 | E157: 0 | F157: 0 | G157: 0 | H157: 0 | I157: 0 | J157: 0 | K157: 0 | L157: 0 | M157: 6 | N157: 0 | O157: 0 | P157: 0 | Q157: 0 | R157: 0 | S157: 0 | T157: 0 | U157: 0 | V157: 0 | W157: 0 | X157: 0 | Y157: 6 | Z157: 6 | AA157: 5 | AB157: 0 | AC157: 0 | AD157: 0 | AE157: 0 | AF157: 0 | AG157: 0 | AH157: 0 | AI157: =SUM(D157:AH157) -> 23
A158: 2212003009 | B158: TOCINO REBANADA GRUESA | C158: KG | D158: 0 | E158: 0 | F158: 0 | G158: 0 | H158: 0 | I158: 0 | J158: 0 | K158: 0 | L158: 0 | M158: 0 | N158: 0 | O158: 0 | P158: 0 | Q158: 0 | R158: 0 | S158: 0 | T158: 0 | U158: 0 | V158: 0 | W158: 0 | X158: 0 | Y158: 0 | Z158: 0 | AA158: 0 | AB158: 0 | AC158: 0 | AD158: 0 | AE158: 0 | AF158: 0 | AG158: 0 | AH158: 0 | AI158: =SUM(D158:AH158) -> 0
A159: 2212003010 | B159: CHORIZO DE SOYA | C159: KG | D159: 0 | E159: 0 | F159: 0 | G159: 0 | H159: 0 | I159: 0 | J159: 0 | K159: 0 | L159: 0 | M159: 0 | N159: 0 | O159: 0 | P159: 0 | Q159: 0 | R159: 0 | S159: 0 | T159: 0 | U159: 0 | V159: 0 | W159: 0 | X159: 0 | Y159: 0 | Z159: 0 | AA159: 0 | AB159: 0 | AC159: 0 | AD159: 0 | AE159: 0 | AF159: 0 | AG159: 0 | AH159: 0 | AI159: =SUM(D159:AH159) -> 0
A160: 2212003011 | B160: JAMÓN PIERNA REBANADA DE 30GR | C160: KG | D160: 0 | E160: 0 | F160: 0 | G160: 0 | H160: 0 | I160: 0 | J160: 0 | K160: 0 | L160: 0 | M160: 0 | N160: 0 | O160: 0 | P160: 0 | Q160: 0 | R160: 0 | S160: 0 | T160: 0 | U160: 0 | V160: 0 | W160: 0 | X160: 0 | Y160: 0 | Z160: 0 | AA160: 0 | AB160: 0 | AC160: 0 | AD160: 0 | AE160: 0 | AF160: 0 | AG160: 0 | AH160: 0 | AI160: =SUM(D160:AH160) -> 0
A161: 2212003012 | B161: SALCHICHA DE PAVO | C161: KG | D161: 0 | E161: 0 | F161: 0 | G161: 0 | H161: 0 | I161: 0 | J161: 0 | K161: 0 | L161: 0 | M161: 0 | N161: 0 | O161: 0 | P161: 0 | Q161: 8 | R161: 0 | S161: 0 | T161: 0 | U161: 0 | V161: 0 | W161: 0 | X161: 0 | Y161: 0 | Z161: 8 | AA161: 0 | AB161: 0 | AC161: 0 | AD161: 0 | AE161: 0 | AF161: 0 | AG161: 0 | AH161: 0 | AI161: =SUM(D161:AH161) -> 16
A162: 2212003013 | B162: SALAMI REBANADO | C162: KG | D162: 0 | E162: 0 | F162: 0 | G162: 0 | H162: 0 | I162: 0 | J162: 0 | K162: 0 | L162: 0 | M162: 0 | N162: 0 | O162: 0 | P162: 0 | Q162: 0 | R162: 0 | S162: 0 | T162: 0 | U162: 0 | V162: 0 | W162: 0 | X162: 0 | Y162: 0 | Z162: 0 | AA162: 0 | AB162: 0 | AC162: 0 | AD162: 0 | AE162: 0 | AF162: 0 | AG162: 0 | AH162: 0 | AI162: =SUM(D162:AH162) -> 0
A163: 2212003017 | B163: JAMON DE PIERNA YORK | C163: KG | D163: 0 | E163: 0 | F163: 0 | G163: 0 | H163: 0 | I163: 0 | J163: 0 | K163: 0 | L163: 0 | M163: 0 | N163: 6 | O163: 0 | P163: 0 | Q163: 0 | R163: 0 | S163: 0 | T163: 0 | U163: 0 | V163: 0 | W163: 0 | X163: 0 | Y163: 0 | Z163: 0 | AA163: 0 | AB163: 0 | AC163: 0 | AD163: 0 | AE163: 0 | AF163: 0 | AG163: 0 | AH163: 0 | AI163: =SUM(D163:AH163) -> 6
A164: GRUPO DE ALIMENTO: LÁCTEOS
A165: 2212001196 | B165: LECHE DESLACTOSADA LIGHT LITRO | C165: LITRO | D165: 0 | E165: 0 | F165: 0 | G165: 0 | H165: 0 | I165: 0 | J165: 0 | K165: 0 | L165: 0 | M165: 0 | N165: 0 | O165: 0 | P165: 0 | Q165: 0 | R165: 0 | S165: 0 | T165: 0 | U165: 0 | V165: 0 | W165: 0 | X165: 0 | Y165: 0 | Z165: 0 | AA165: 0 | AB165: 0 | AC165: 0 | AD165: 0 | AE165: 0 | AF165: 0 | AG165: 0 | AH165: 0 | AI165: =SUM(D165:AH165) -> 0
A166: 2212005007 | B166: LECHE PASTEURIZADA DESCREMADA TETRAPAK | C166: LITRO | D166: 0 | E166: 0 | F166: 0 | G166: 0 | H166: 0 | I166: 0 | J166: 0 | K166: 0 | L166: 0 | M166: 0 | N166: 0 | O166: 0 | P166: 0 | Q166: 0 | R166: 0 | S166: 0 | T166: 0 | U166: 0 | V166: 0 | W166: 0 | X166: 0 | Y166: 0 | Z166: 0 | AA166: 0 | AB166: 0 | AC166: 0 | AD166: 0 | AE166: 0 | AF166: 0 | AG166: 0 | AH166: 0 | AI166: =SUM(D166:AH166) -> 0
A167: 2212005010 | B167: QUESO ADOBERA OREADO pasteurizado | C167: KG | D167: 0 | E167: 0 | F167: 0 | G167: 0 | H167: 0 | I167: 0 | J167: 0 | K167: 0 | L167: 0 | M167: 0 | N167: 0 | O167: 0 | P167: 0 | Q167: 0 | R167: 0 | S167: 0 | T167: 8 | U167: 5 | V167: 5 | W167: 9 | X167: 0 | Y167: 5 | Z167: 0 | AA167: 0 | AB167: 0 | AC167: 0 | AD167: 0 | AE167: 0 | AF167: 8 | AG167: 0 | AH167: 15 | AI167: =SUM(D167:AH167) -> 55
A168: 2212005011 | B168: QUESO PARMESANO pasteurizado | C168: FCO. | D168: 0 | E168: 0 | F168: 0 | G168: 0 | H168: 0 | I168: 0 | J168: 0 | K168: 0 | L168: 0 | M168: 0 | N168: 0 | O168: 0 | P168: 0 | Q168: 0 | R168: 0 | S168: 0 | T168: 0 | U168: 0 | V168: 0 | W168: 0 | X168: 0 | Y168: 0 | Z168: 0 | AA168: 0 | AB168: 0 | AC168: 0 | AD168: 0 | AE168: 0 | AF168: 0 | AG168: 0 | AH168: 0 | AI168: =SUM(D168:AH168) -> 0
A169: 2212007012 | B169: CREMA ENTERA ACIDIFICADA PASTEURIZADA, BOTE DE 900 ML | C169: BOTE | D169: 4 | E169: 9 | F169: 0 | G169: 9 | H169: 8 | I169: 0 | J169: 8 | K169: 0 | L169: 8 | M169: 0 | N169: 4 | O169: 0 | P169: 9 | Q169: 0 | R169: 3 | S169: 4 | T169: 4 | U169: 2 | V169: 4 | W169: 0 | X169: 4 | Y169: 11 | Z169: 0 | AA169: 0 | AB169: 9 | AC169: 4 | AD169: 0 | AE169: 5 | AF169: 0 | AG169: 0 | AH169: 9 | AI169: =SUM(D169:AH169) -> 118
A170: 2212005015 | B170: LECHE PASTEURIZADA FRESCA | C170: LITRO | D170: 0 | E170: 0 | F170: 0 | G170: 0 | H170: 0 | I170: 0 | J170: 0 | K170: 0 | L170: 0 | M170: 0 | N170: 0 | O170: 0 | P170: 0 | Q170: 0 | R170: 0 | S170: 0 | T170: 0 | U170: 0 | V170: 0 | W170: 0 | X170: 0 | Y170: 0 | Z170: 0 | AA170: 0 | AB170: 0 | AC170: 0 | AD170: 0 | AE170: 0 | AF170: 0 | AG170: 0 | AH170: 0 | AI170: =SUM(D170:AH170) -> 0
A171: 2212005016 | B171: MANTEQUILLA CON SAL EN BARRA KILO | C171: KG | D171: 2 | E171: 1 | F171: 0 | G171: 0 | H171: 0 | I171: 0 | J171: 0 | K171: 0 | L171: 0 | M171: 5 | N171: 0 | O171: 0 | P171: 0 | Q171: 0 | R171: 0 | S171: 6 | T171: 0 | U171: 0 | V171: 0 | W171: 0 | X171: 0 | Y171: 0 | Z171: 0 | AA171: 0 | AB171: 0 | AC171: 0 | AD171: 6 | AE171: 0 | AF171: 0 | AG171: 0 | AH171: 0 | AI171: =SUM(D171:AH171) -> 20
A172: 2212005017 | B172: QUESO ADOBERA pasteurizado | C172: KG | D172: 8 | E172: 0 | F172: 8 | G172: 5 | H172: 0 | I172: 5 | J172: 5 | K172: 6 | L172: 8 | M172: 0 | N172: 0 | O172: 0 | P172: 5 | Q172: 0 | R172: 0 | S172: 0 | T172: 0 | U172: 8 | V172: 0 | W172: 0 | X172: 13 | Y172: 0 | Z172: 0 | AA172: 9 | AB172: 6 | AC172: 0 | AD172: 0 | AE172: 0 | AF172: 0 | AG172: 0 | AH172: 0 | AI172: =SUM(D172:AH172) -> 86
A173: 2212005018 | B173: QUESO AMARILLO pasteurizado | C173: KG | D173: 0 | E173: 0 | F173: 0 | G173: 5 | H173: 0 | I173: 0 | J173: 0 | K173: 0 | L173: 0 | M173: 0 | N173: 0 | O173: 0 | P173: 0 | Q173: 0 | R173: 0 | S173: 0 | T173: 0 | U173: 0 | V173: 0 | W173: 0 | X173: 0 | Y173: 0 | Z173: 0 | AA173: 0 | AB173: 0 | AC173: 0 | AD173: 0 | AE173: 0 | AF173: 0 | AG173: 0 | AH173: 0 | AI173: =SUM(D173:AH173) -> 5
A174: 2212005019 | B174: QUESO ASADERO EN BARRA pasteurizado | C174: KG | D174: 0 | E174: 0 | F174: 0 | G174: 0 | H174: 0 | I174: 0 | J174: 0 | K174: 0 | L174: 0 | M174: 0 | N174: 0 | O174: 0 | P174: 0 | Q174: 0 | R174: 0 | S174: 0 | T174: 0 | U174: 0 | V174: 0 | W174: 0 | X174: 0 | Y174: 0 | Z174: 0 | AA174: 0 | AB174: 0 | AC174: 0 | AD174: 0 | AE174: 0 | AF174: 0 | AG174: 0 | AH174: 0 | AI174: =SUM(D174:AH174) -> 0
...

Sheet JORNADA
A1: CÓDIGO | B1: DESCRIPCIÓN | C1: UNIDAD DE MEDIDA | D1: 1 | E1: 2 | F1: 3 | G1: 4 | H1: 5 | I1: 6 | J1: 7 | K1: 8 | L1: 9 | M1: 10 | N1: 11 | O1: 12 | P1: 13 | Q1: 14 | R1: 15 | S1: 16 | T1: 17 | U1: 18 | V1: 19 | W1: 20 | X1: 21 | Y1: 22 | Z1: 23 | AA1: 24 | AB1: 25 | AC1: 26 | AD1: 27 | AE1: 28 | AF1: 29 | AG1: 30 | AH1: 31 | AI1: TOTAL
A3: GRUPO DE ALIMENTO: FRUTA
A4: 2212004001 | B4: CIRUELA ROJA | C4: KG | D4: 0 | E4: 0 | F4: 0 | G4: 0 | H4: 0 | I4: 0 | J4: 0 | K4: 0 | L4: 0 | M4: 0 | N4: 0 | O4: 0 | P4: 0 | Q4: 0 | R4: 0 | S4: 0 | T4: 0 | U4: 0 | V4: 0 | W4: 0 | X4: 0 | Y4: 0 | Z4: 0 | AA4: 0 | AB4: 0 | AC4: 0 | AD4: 0 | AE4: 0 | AF4: 0 | AG4: 0 | AH4: 0 | AI4: 0
A5: 2212004002 | B5: CAÑA DE AZUCAR | C5: PIEZA | D5: 0 | E5: 0 | F5: 0 | G5: 0 | H5: 0 | I5: 0 | J5: 0 | K5: 0 | L5: 0 | M5: 0 | N5: 0 | O5: 0 | P5: 0 | Q5: 0 | R5: 0 | S5: 0 | T5: 0 | U5: 0 | V5: 0 | W5: 0 | X5: 0 | Y5: 0 | Z5: 0 | AA5: 0 | AB5: 0 | AC5: 0 | AD5: 0 | AE5: 0 | AF5: 0 | AG5: 0 | AH5: 0 | AI5: =SUM(E5:AH5) -> 0
A6: 2212004003 | B6: CIRUELA AMARILLA | C6: KG | D6: 0 | E6: 0 | F6: 0 | G6: 0 | H6: 0 | I6: 0 | J6: 0 | K6: 0 | L6: 0 | M6: 0 | N6: 0 | O6: 0 | P6: 0 | Q6: 0 | R6: 0 | S6: 0 | T6: 0 | U6: 0 | V6: 0 | W6: 0 | X6: 0 | Y6: 0 | Z6: 0 | AA6: 0 | AB6: 0 | AC6: 0 | AD6: 0 | AE6: 0 | AF6: 0 | AG6: 0 | AH6: 0 | AI6: =SUM(D6:AH6) -> 0
A7: 2212004004 | B7: DURAZNO | C7: KG | D7: 0 | E7: 0 | F7: 0 | G7: 0 | H7: 0 | I7: 0 | J7: 0 | K7: 0 | L7: 0 | M7: 0 | N7: 0 | O7: 0 | P7: 0 | Q7: 0 | R7: 0 | S7: 0 | T7: 0 | U7: 30 | V7: 0 | W7: 0 | X7: 0 | Y7: 0 | Z7: 0 | AA7: 0 | AB7: 0 | AC7: 0 | AD7: 0 | AE7: 0 | AF7: 0 | AG7: 0 | AH7: 0 | AI7: =SUM(D7:AH7) -> 30
A8: 2212004005 | B8: FRESA | C8: KG | D8: 0 | E8: 0 | F8: 0 | G8: 0 | H8: 0 | I8: 0 | J8: 0 | K8: 0 | L8: 0 | M8: 0 | N8: 0 | O8: 0 | P8: 0 | Q8: 0 | R8: 0 | S8: 0 | T8: 0 | U8: 0 | V8: 0 | W8: 0 | X8: 0 | Y8: 0 | Z8: 0 | AA8: 0 | AB8: 0 | AC8: 0 | AD8: 0 | AE8: 0 | AF8: 0 | AG8: 0 | AH8: 0 | AI8: =SUM(D8:AH8) -> 0
A9: 2212004006 | B9: GUAYABA | C9: KG | D9: 0 | E9: 0 | F9: 25 | H9: 0 | I9: 0 | J9: 0 | K9: 0 | L9: 0 | M9: 30 | N9: 0 | O9: 30 | P9: 0 | Q9: 0 | R9: 0 | S9: 0 | T9: 30 | U9: 0 | V9: 0 | W9: 0 | X9: 0 | Y9: 0 | Z9: 0 | AA9: 0 | AB9: 0 | AC9: 0 | AD9: 0 | AE9: 0 | AF9: 0 | AG9: 0 | AH9: 0 | AI9: =SUM(D9:AH9) -> 115
A10: 2212004007 | B10: JICAMA | C10: KG | D10: 0 | E10: 0 | F10: 0 | G10: 0 | H10: 0 | I10: 0 | J10: 0 | K10: 0 | L10: 0 | M10: 0 | N10: 0 | O10: 0 | P10: 0 | Q10: 0 | R10: 0 | S10: 0 | T10: 0 | U10: 0 | V10: 0 | W10: 0 | X10: 0 | Y10: 0 | Z10: 0 | AA10: 0 | AB10: 0 | AC10: 0 | AD10: 0 | AE10: 0 | AF10: 0 | AG10: 0 | AH10: 0 | AI10: =SUM(D10:AH10) -> 0
A11: 2212004008 | B11: LIMA | C11: KG | D11: 0 | E11: 0 | F11: 0 | G11: 0 | H11: 0 | I11: 0 | J11: 0 | K11: 0 | L11: 0 | M11: 0 | N11: 0 | O11: 0 | P11: 0 | Q11: 0 | R11: 0 | S11: 0 | T11: 0 | U11: 0 | V11: 0 | W11: 0 | X11: 0 | Y11: 0 | Z11: 0 | AA11: 0 | AB11: 0 | AC11: 0 | AD11: 0 | AE11: 0 | AF11: 0 | AG11: 0 | AH11: 0 | AI11: =SUM(D11:AH11) -> 0
A12: 2212004009 | B12: MANDARINA | C12: KG | D12: 0 | E12: 0 | F12: 0 | G12: 0 | H12: 0 | I12: 0 | J12: 0 | K12: 0 | L12: 0 | M12: 0 | N12: 0 | O12: 0 | P12: 0 | Q12: 0 | R12: 0 | S12: 0 | T12: 0 | U12: 0 | V12: 0 | W12: 0 | X12: 0 | Y12: 0 | Z12: 0 | AA12: 0 | AB12: 0 | AC12: 0 | AD12: 0 | AE12: 0 | AF12: 0 | AG12: 0 | AH12: 0 | AI12: =SUM(D12:AH12) -> 0
A13: 2212004011 | B13: MANZANA DELICIA | C13: KG | D13: 0 | E13: 0 | F13: 75 | G13: 55 | H13: 0 | I13: 0 | J13: 0 | K13: 0 | L13: 0 | M13: 30 | N13: 85 | O13: 0 | P13: 0 | Q13: 0 | R13: 0 | S13: 0 | T13: 0 | U13: 0 | V13: 0 | W13: 0 | X13: 0 | Y13: 0 | Z13: 0 | AA13: 0 | AB13: 0 | AC13: 0 | AD13: 0 | AE13: 0 | AF13: 0 | AG13: 0 | AH13: 0 | AI13: =SUM(D13:AH13) -> 245
A14: 2212004012 | B14: MANZANA GOLDEN | C14: KG | D14: 0 | E14: 0 | F14: 0 | G14: 0 | H14: 0 | I14: 0 | J14: 0 | K14: 0 | L14: 0 | M14: 0 | N14: 0 | O14: 80 | P14: 0 | Q14: 0 | R14: 0 | S14: 0 | T14: 80 | U14: 90 | V14: 0 | W14: 0 | X14: 0 | Y14: 0 | Z14: 0 | AA14: 90 | AB14: 60 | AC14: 0 | AD14: 0 | AE14: 0 | AF14: 0 | AG14: 0 | AH14: 60 | AI14: =SUM(D14:AH14) -> 460
A15: 2212004013 | B15: MELON CANTALUP | C15: KG | D15: 0 | E15: 0 | F15: 0 | G15: 70 | H15: 0 | I15: 0 | J15: 0 | K15: 0 | L15: 0 | M15: 30 | N15: 0 | O15: 30 | P15: 0 | Q15: 0 | R15: 0 | S15: 0 | T15: 30 | U15: 0 | V15: 0 | W15: 0 | X15: 0 | Y15: 0 | Z15: 0 | AA15: 30 | AB15: 0 | AC15: 0 | AD15: 0 | AE15: 0 | AF15: 0 | AG15: 0 | AH15: 30 | AI15: =SUM(D15:AH15) -> 220
A16: 2212004014 | B16: NARANJA | C16: KG | D16: 0 | E16: 0 | F16: 0 | G16: 0 | H16: 0 | I16: 0 | J16: 0 | K16: 0 | L16: 0 | M16: 0 | N16: 0 | O16: 0 | P16: 0 | Q16: 0 | R16: 0 | S16: 0 | T16: 0 | U16: 0 | V16: 0 | W16: 0 | X16: 0 | Y16: 0 | Z16: 0 | AA16: 0 | AB16: 0 | AC16: 0 | AD16: 0 | AE16: 0 | AF16: 0 | AG16: 0 | AH16: 0 | AI16: =SUM(D16:AH16) -> 0
A17: 2212004015 | B17: PAPAYA | C17: KG | D17: 0 | E17: 0 | F17: 50 | G17: 0 | H17: 0 | I17: 0 | J17: 0 | K17: 0 | L17: 0 | M17: 45 | N17: 20 | O17: 80 | P17: 0 | Q17: 0 | R17: 0 | S17: 0 | T17: 60 | U17: 30 | V17: 0 | W17: 0 | X17: 0 | Y17: 0 | Z17: 0 | AA17: 0 | AB17: 10 | AC17: 0 | AD17: 0 | AE17: 0 | AF17: 0 | AG17: 0 | AH17: 60 | AI17: =SUM(D17:AH17) -> 355
A18: 2212004016 | B18: PERA | C18: KG | D18: 0 | E18: 0 | F18: 0 | G18: 60 | H18: 0 | I18: 0 | J18: 0 | K18: 0 | L18: 0 | M18: 65 | N18: 40 | O18: 0 | P18: 0 | Q18: 0 | R18: 0 | S18: 0 | T18: 50 | U18: 15 | V18: 0 | W18: 0 | X18: 0 | Y18: 0 | Z18: 0 | AA18: 0 | AB18: 45 | AC18: 0 | AD18: 0 | AE18: 0 | AF18: 0 | AG18: 0 | AH18: 50 | AI18: =SUM(D18:AH18) -> 325
A19: 2212004017 | B19: PERA MANTEQUILLA | C19: KG | D19: 0 | E19: 0 | F19: 0 | G19: 0 | H19: 0 | I19: 0 | J19: 0 | K19: 0 | L19: 0 | M19: 0 | N19: 0 | O19: 0 | P19: 0 | Q19: 0 | R19: 0 | S19: 0 | T19: 0 | U19: 0 | V19: 0 | W19: 0 | X19: 0 | Y19: 0 | Z19: 0 | AA19: 0 | AB19: 0 | AC19: 0 | AD19: 0 | AE19: 0 | AF19: 0 | AG19: 0 | AH19: 0 | AI19: =SUM(D19:AH19) -> 0
A20: 2212004018 | B20: PIÑA | C20: KG | D20: 0 | E20: 0 | F20: 40 | G20: 30 | H20: 0 | I20: 0 | J20: 0 | K20: 0 | L20: 0 | M20: 35 | N20: 30 | O20: 50 | P20: 0 | Q20: 0 | R20: 0 | S20: 0 | T20: 30 | U20: 35 | V20: 0 | W20: 0 | X20: 0 | Y20: 0 | Z20: 0 | AA20: 60 | AB20: 0 | AC20: 0 | AD20: 0 | AE20: 0 | AF20: 0 | AG20: 0 | AH20: 30 | AI20: =SUM(D20:AH20) -> 340
A21: 2212004019 | B21: PLATANO MACHO | C21: KG | D21: 0 | E21: 0 | F21: 0 | G21: 0 | H21: 0 | I21: 0 | J21: 0 | K21: 0 | L21: 0 | M21: 0 | N21: 0 | O21: 0 | P21: 0 | Q21: 0 | R21: 0 | S21: 0 | T21: 0 | U21: 0 | V21: 0 | W21: 0 | X21: 0 | Y21: 0 | Z21: 0 | AA21: 0 | AB21: 0 | AC21: 0 | AD21: 0 | AE21: 0 | AF21: 0 | AG21: 0 | AH21: 0 | AI21: =SUM(D21:AH21) -> 0
... A30: 2212004031 | B30: MANGO BARRANQUEÑO | C30: KG | D30: 0 | E30: 0 | F30: 0 | G30: 0 | H30: 0 | I30: 0 | J30: 0 | K30: 0 | L30: 0 | M30: 0 | N30: 0 | O30: 0 | P30: 0 | Q30: 0 | R30: 0 | S30: 0 | T30: 0 | U30: 0 | V30: 0 | W30: 0 | X30: 0 | Y30: 0 | Z30: 0 | AA30: 0 | AB30: 0 | AC30: 0 | AD30: 0 | AE30: 0 | AF30: 0 | AG30: 0 | AH30: 0 | AI30: =SUM(D30:AH30) -> 0
A31: 2212004032 | B31: CIRUELA PASA SIN HUESO | C31: KG | D31: 0 | E31: 0 | F31: 0 | G31: 0 | H31: 0 | I31: 0 | J31: 0 | K31: 0 | L31: 0 | M31: 0 | N31: 0 | O31: 0 | P31: 0 | Q31: 0 | R31: 0 | S31: 0 | T31: 0 | U31: 0 | V31: 0 | W31: 0 | X31: 0 | Y31: 0 | Z31: 0 | AA31: 0 | AB31: 0 | AC31: 0 | AD31: 0 | AE31: 0 | AF31: 0 | AG31: 0 | AH31: 0 | AI31: =SUM(D31:AH31) -> 0
A32: 2212004034 | B32: GRANADA ROJA | C32: KG | D32: 0 | E32: 0 | F32: 0 | G32: 0 | H32: 0 | I32: 0 | J32: 0 | K32: 0 | L32: 0 | M32: 0 | N32: 0 | O32: 0 | P32: 0 | Q32: 0 | R32: 0 | S32: 0 | T32: 0 | U32: 0 | V32: 0 | W32: 0 | X32: 0 | Y32: 0 | Z32: 0 | AA32: 0 | AB32: 0 | AC32: 0 | AD32: 0 | AE32: 0 | AF32: 0 | AG32: 0 | AH32: 0 | AI32: =SUM(D32:AH32) -> 0
A33: 2212004035 | B33: TUNA | C33: KG | D33: 0 | E33: 0 | F33: 0 | G33: 0 | H33: 0 | I33: 0 | J33: 0 | K33: 0 | L33: 0 | M33: 0 | N33: 0 | O33: 0 | P33: 0 | Q33: 0 | R33: 0 | S33: 0 | T33: 0 | U33: 0 | V33: 0 | W33: 0 | X33: 0 | Y33: 0 | Z33: 0 | AA33: 0 | AB33: 0 | AC33: 0 | AD33: 0 | AE33: 0 | AF33: 0 | AG33: 0 | AH33: 0 | AI33: =SUM(D33:AH33) -> 0
A34: 2212004038 | B34: GRANADA CHINA | C34: PIEZA | D34: 0 | E34: 0 | F34: 0 | G34: 0 | H34: 0 | I34: 0 | J34: 0 | K34: 0 | L34: 0 | M34: 0 | N34: 0 | O34: 0 | P34: 0 | Q34: 0 | R34: 0 | S34: 0 | T34: 0 | U34: 0 | V34: 0 | W34: 0 | X34: 0 | Y34: 0 | Z34: 0 | AA34: 0 | AB34: 0 | AC34: 0 | AD34: 0 | AE34: 0 | AF34: 0 | AG34: 0 | AH34: 0 | AI34: =SUM(D34:AH34) -> 0
A35: GRUPO DE ALIMENTO: VERDURA | AI35: =SUM(D35:AH35) -> 0
A36: 2212010003 | B36: CHILE JALAPEÑO | C36: KG | AI36: =SUM(D36:AH36) -> 0
A37: 2212010004 | B37: CHAMPIÑONES | C37: KG | AI37: =SUM(D37:AH37) -> 0
A38: 2212010005 | B38: TE DE LIMON | C38: MANOJO | F38: 2 | G38: 2 | M38: 2 | N38: 2 | AI38: =SUM(D38:AH38) -> 8
A39: 2212010006 | B39: TOMILLO FRESCO | C39: MANOJO | AI39: =SUM(D39:AH39) -> 0
A40: 2212010007 | B40: ACELGA | C40: MANOJO | AI40: =SUM(D40:AH40) -> 0
A41: 2212010008 | B41: AGUACATE | C41: KG | AI41: =SUM(D41:AH41) -> 0
A42: 2212010009 | B42: APIO | C42: KG | AI42: =SUM(D42:AH42) -> 0
A43: 2212010010 | B43: BETABEL | C43: MANOJO | AI43: =SUM(D43:AH43) -> 0
A44: 2212010011 | B44: BROCOLI | C44: KG | AI44: =SUM(D44:AH44) -> 0
A45: 2212010012 | B45: CALABACITA ITALIANA | C45: KG | F45: 30 | G45: 65 | M45: 45 | N45: 30 | O45: 55 | T45: 55 | U45: 50 | AA45: 20 | AB45: 55 | AH45: 30 | AI45: =SUM(D45:AH45) -> 435
A46: 2212010013 | B46: CALABAZA DURA | C46: KG | AI46: =SUM(D46:AH46) -> 0
A47: 2212010014 | B47: CAMOTE AMARILLO | C47: KG | F47: 20 | AA47: 20 | AI47: =SUM(D47:AH47) -> 40
A48: 2212010015 | B48: CEBOLLA BLANCA | C48: KG | F48: 10 | G48: 10 | M48: 12 | N48: 12 | O48: 10 | T48: 10 | U48: 10 | AA48: 12 | AB48: 10 | AH48: 12 | AI48: =SUM(D48:AH48) -> 108
A49: 2212010016 | B49: CEBOLLA CAMBRAY | C49: MANOJO | AI49: =SUM(D49:AH49) -> 0
A50: 2212010017 | B50: CEBOLLA MORADA | C50: KG | AI50: =SUM(D50:AH50) -> 0
A51: 2212010019 | B51: CHAYOTE SQUASH PIEZA DE 400GR C/U | C51: KG | F51: 45 | G51: 25 | M51: 25 | N51: 55 | O51: 45 | T51: 45 | U51: 35 | AA51: 50 | AB51: 35 | AH51: 50 | AI51: =SUM(D51:AH51) -> 410
A52: 2212010020 | B52: CHILE GUERO | C52: KG | AI52: =SUM(D52:AH52) -> 0
A53: 2212010021 | B53: CHILE PIMIENTO MORRON ROJO | C53: KG | AI53: =SUM(D53:AH53) -> 0
A54: 2212010022 | B54: CHILE PIMIENTO MORRON VERDE | C54: KG | F54: 2 | M54: 2 | O54: 2 | U54: 2 | AA54: 2 | AI54: =SUM(D54:AH54) -> 10
A55: 2212010023 | B55: CHILE POBLANO | C55: KG | AI55: =SUM(D55:AH55) -> 0
A56: 2212010024 | B56: CHILE SERRANO | C56: KG | AI56: =SUM(D56:AH56) -> 0
A57: 2212010025 | B57: CILANTRO FRESCO | C57: MANOJO | F57: 1 | G57: 1 | N57: 1 | O57: 1 | T57: 1 | U57: 1 | AB57: 1 | AH57: 1 | AI57: =SUM(D57:AH57) -> 8
A58: 2212010026 | B58: COL BLANCA | C58: KG | AI58: =SUM(D58:AH58) -> 0
A59: 2212010027 | B59: COL MORADA | C59: KG | AI59: =SUM(D59:AH59) -> 0
A60: 2212010028 | B60: COLIFLOR | C60: KG | M60: 10 | O60: 20 | U60: 20 | AI60: =SUM(D60:AH60) -> 50
A61: 2212010029 | B61: EJOTE | C61: KG | N61: 10 | AI61: =SUM(D61:AH61) -> 10
A62: 2212010030 | B62: ELOTE | C62: PIEZA | AI62: =SUM(D62:AH62) -> 0
A63: 2212010031 | B63: ESPINACAS FRESCAS | C63: KG | AI63: =SUM(D63:AH63) -> 0
A64: 2212010032 | B64: GERMINADO DE SOYA | C64: KG | AI64: =SUM(D64:AH64) -> 0
A65: 2212010033 | B65: HIERBABUENA FRESCA | C65: MANOJO | N65: 1 | AI65: =SUM(D65:AH65) -> 1
A66: 2212010034 | B66: JITOMATE BOLA | C66: KG | AI66: =SUM(D66:AH66) -> 0
A67: 2212010035 | B67: JITOMATE SALADET | C67: KG | F67: 40 | G67: 25 | M67: 10 | N67: 25 | O67: 40 | T67: 35 | U67: 20 | AA67: 20 | AB67: 40 | AH67: 50 | AI67: =SUM(D67:AH67) -> 305
A68: 2212010036 | B68: LECHUGA BOLA EMPLAYADA | C68: PIEZA | F68: 5 | AA68: 4 | AI68: =SUM(D68:AH68) -> 9
A69: 2212010037 | B69: LIMON SIN SEMILLA | C69: KG | AI69: =SUM(D69:AH69) -> 0
A70: 2212010038 | B70: NOPALES BLANCO PICADO | C70: KG | O70: 15 | T70: 10 | AA70: 10 | AB70: 5 | AI70: =SUM(D70:AH70) -> 40
A71: 2212010039 | B71: OREGANO FRESCO | C71: MANOJO | G71: 1 | M71: 1 | AI71: =SUM(D71:AH71) -> 2
A72: 2212010040 | B72: PAPA BLANCA | C72: KG | F72: 20 | G72: 11 | N72: 10 | O72: 10 | T72: 10 | U72: 10 | AA72: 10 | AI72: =SUM(D72:AH72) -> 81
A73: 2212010041 | B73: PAPA CAMBRAY | C73: KG | AI73: =SUM(D73:AH73) -> 0
A74: 2212010042 | B74: PEPINO AMERICANO | C74: KG | AI74: =SUM(D74:AH74) -> 0
A75: 2212010043 | B75: PEREJIL FRESCO | C75: MANOJO | O75: 1 | AI75: =SUM(D75:AH75) -> 1
A76: 2212010044 | B76: RABANOS LARGOS | C76: MANOJO | AI76: =SUM(D76:AH76) -> 0
A77: 2212010046 | B77: TE DE MANZANILLA | C77: MANOJO | M77: 2 | N77: 2 | O77: 2 | T77: 2 | U77: 2 | AA77: 2 | AB77: 2 | AH77: 2 | AI77: =SUM(D77:AH77) -> 16
A78: 2212010047 | B78: TOMATE VERDE SIN HOJA | C78: KG | F78: 30 | G78: 10 | M78: 15 | N78: 15 | O78: 20 | U78: 15 | AA78: 10 | AB78: 30 | AH78: 10 | AI78: =SUM(D78:AH78) -> 155
A79: 2212010048 | B79: VERDOLAGA | C79: KG | AI79: =SUM(D79:AH79) -> 0
A80: 2212010049 | B80: ZANAHORIA | C80: KG | F80: 30 | G80: 17 | M80: 40 | N80: 30 | O80: 15 | T80: 15 | U80: 15 | AA80: 25 | AB80: 30 | AH80: 55 | AI80: =SUM(D80:AH80) -> 272
A81: 2212010050 | B81: GERMINADO DE ALFALFA | C81: PAQUETE | AI81: =SUM(D81:AH81) -> 0
A82: 2212010053 | B82: CEBOLLA BLANCA CON RABO | C82: MANOJO | AI82: =SUM(D82:AH82) -> 0
A83: 2212010054 | B83: CHILE HABANERO | C83: KG | AI83: =SUM(D83:AH83) -> 0
A84: 2212010055 | B84: JITOMATE CHERRY | C84: KG | AI84: =SUM(D84:AH84) -> 0
A85: 2212010056 | B85: LECHUGA SANGRÍA | C85: PIEZA | AI85: =SUM(D85:AH85) -> 0
A86: 2212010057 | B86: LECHUGA ESCAROLA | C86: PIEZA | AI86: =SUM(D86:AH86) -> 0
A87: 2212010058 | B87: LIMON AGRIO | C87: KG | AI87: =SUM(D87:AH87) -> 0
A88: 2212010060 | B88: JENGIBRE FRESCO | C88: KG | AI88: =SUM(D88:AH88) -> 0
A89: 2212004040 | B89: RABANO CHAMPION SIN RABO | C89: KG | AI89: =SUM(D89:AH89) -> 0
A90: GRUPO DE ALIMENTO: CERDO | AI90: =SUM(D90:AH90) -> 0
A91: 2212002001 | B91: FAJITAS DE CERDO | C91: KG | D91: 0 | E91: 0 | F91: 0 | G91: 0 | H91: 0 | I91: 0 | J91: 0 | K91: 0 | L91: 0 | M91: 0 | N91: 0 | O91: 0 | P91: 0 | Q91: 0 | R91: 0 | S91: 0 | T91: 0 | U91: 0 | V91: 0 | W91: 0 | X91: 0 | Y91: 0 | Z91: 0 | AA91: 0 | AB91: 0 | AC91: 0 | AD91: 0 | AE91: 0 | AF91: 0 | AG91: 0 | AI91: =SUM(D91:AH91) -> 0
A92: 2212002004 | B92: CARNAZA DE CERDO EN TROZO | C92: KG | D92: 0 | E92: 0 | F92: 0 | G92: 0 | H92: 0 | I92: 0 | J92: 0 | K92: 0 | L92: 0 | M92: 0 | N92: 0 | O92: 0 | P92: 0 | Q92: 0 | R92: 0 | S92: 0 | T92: 0 | U92: 0 | V92: 0 | W92: 0 | X92: 0 | Y92: 0 | Z92: 0 | AA92: 0 | AB92: 0 | AC92: 0 | AD92: 0 | AE92: 0 | AF92: 0 | AG92: 0 | AI92: =SUM(D92:AH92) -> 0
A93: 2212002007 | B93: CARNE MOLIDA DE CERDO POCA GRASA | C93: KG | D93: 0 | E93: 0 | F93: 0 | G93: 0 | H93: 0 | I93: 0 | J93: 0 | K93: 0 | L93: 0 | M93: 0 | N93: 0 | O93: 0 | P93: 0 | Q93: 0 | R93: 0 | S93: 0 | T93: 0 | U93: 0 | V93: 0 | W93: 0 | X93: 0 | Y93: 0 | Z93: 0 | AA93: 0 | AB93: 0 | AC93: 0 | AD93: 0 | AE93: 0 | AF93: 0 | AG93: 0 | AI93: =SUM(D93:AH93) -> 0
A94: 2212002009 | B94: CHAMORRO DE CERDO PARTIDO | C94: KG | D94: 0 | E94: 0 | F94: 0 | G94: 0 | H94: 0 | I94: 0 | J94: 0 | K94: 0 | L94: 0 | M94: 0 | N94: 0 | O94: 0 | P94: 0 | Q94: 0 | R94: 0 | S94: 0 | T94: 0 | U94: 0 | V94: 0 | W94: 0 | X94: 0 | Y94: 0 | Z94: 0 | AA94: 0 | AB94: 0 | AC94: 0 | AD94: 0 | AE94: 0 | AF94: 0 | AG94: 0 | AI94: =SUM(D94:AH94) -> 0
A95: 2212002010 | B95: CHULETA DE CERDO AHUMADA CORTE DE 120GR C/U | C95: KG | D95: 0 | E95: 0 | F95: 0 | G95: 0 | H95: 0 | I95: 0 | J95: 0 | K95: 0 | L95: 0 | M95: 0 | N95: 0 | O95: 0 | P95: 0 | Q95: 0 | R95: 0 | S95: 0 | T95: 0 | U95: 0 | V95: 0 | W95: 0 | X95: 0 | Y95: 0 | Z95: 0 | AA95: 0 | AB95: 0 | AC95: 0 | AD95: 0 | AE95: 0 | AF95: 0 | AG95: 0 | AI95: =SUM(D95:AH95) -> 0
A96: 2212002011 | B96: COSTILLA DE CERDO EN TROCITO | C96: KG | D96: 0 | E96: 0 | F96: 0 | G96: 0 | H96: 0 | I96: 0 | J96: 0 | K96: 0 | L96: 0 | M96: 0 | N96: 0 | O96: 0 | P96: 0 | Q96: 0 | R96: 0 | S96: 0 | T96: 0 | U96: 0 | V96: 0 | W96: 0 | X96: 0 | Y96: 0 | Z96: 0 | AA96: 0 | AB96: 0 | AC96: 0 | AD96: 0 | AE96: 0 | AF96: 0 | AG96: 0 | AI96: =SUM(D96:AH96) -> 0
A97: 2212002014 | B97: LOMO DE CERDO | C97: KG | D97: 0 | E97: 0 | F97: 0 | G97: 0 | H97: 0 | I97: 0 | J97: 0 | K97: 0 | L97: 0 | M97: 0 | N97: 0 | O97: 0 | P97: 0 | Q97: 0 | R97: 0 | S97: 0 | T97: 0 | U97: 0 | V97: 0 | W97: 0 | X97: 0 | Y97: 0 | Z97: 0 | AA97: 0 | AB97: 0 | AC97: 0 | AD97: 0 | AE97: 0 | AF97: 0 | AG97: 0 | AH97: 0 | AI97: =SUM(D97:AH97) -> 0
A98: 2212002016 | B98: MILANESA DE CERDO | C98: KG | D98: 0 | E98: 0 | F98: 0 | G98: 0 | H98: 0 | I98: 0 | J98: 0 | K98: 0 | L98: 0 | M98: 0 | N98: 0 | O98: 0 | P98: 0 | Q98: 0 | R98: 0 | S98: 0 | T98: 0 | U98: 0 | V98: 0 | W98: 0 | X98: 0 | Y98: 0 | Z98: 0 | AA98: 0 | AB98: 0 | AC98: 0 | AD98: 0 | AE98: 0 | AF98: 0 | AG98: 0 | AH98: 0 | AI98: =SUM(D98:AH98) -> 0
A99: 2212002018 | B99: PIERNA DE CERDO EN TROZO CORTE DE 3 KILOS | C99: KG | D99: 0 | E99: 0 | F99: 0 | G99: 0 | H99: 0 | I99: 0 | J99: 0 | K99: 0 | L99: 0 | M99: 0 | N99: 0 | O99: 0 | P99: 0 | Q99: 0 | R99: 0 | S99: 0 | T99: 0 | U99: 0 | V99: 0 | W99: 0 | X99: 0 | Y99: 0 | Z99: 0 | AA99: 0 | AB99: 0 | AC99: 0 | AD99: 0 | AE99: 0 | AF99: 0 | AG99: 0 | AH99: 0 | AI99: =SUM(D99:AH99) -> 0
A100: 2212002022 | B100: PIERNA DE CERDO EN TROCITO | C100: KG | D100: 0 | E100: 0 | F100: 0 | G100: 0 | H100: 0 | I100: 0 | J100: 0 | K100: 0 | L100: 0 | M100: 0 | N100: 0 | O100: 0 | P100: 0 | Q100: 0 | R100: 0 | S100: 0 | T100: 0 | U100: 0 | V100: 0 | W100: 0 | X100: 0 | Y100: 0 | Z100: 0 | AA100: 0 | AB100: 0 | AC100: 0 | AD100: 0 | AE100: 0 | AF100: 0 | AG100: 0 | AH100: 0 | AI100: =SUM(D100:AH100) -> 0
A101: 2212002023 | B101: CARNITAS | C101: KG | D101: 0 | E101: 0 | F101: 0 | G101: 0 | H101: 0 | I101: 0 | J101: 0 | K101: 0 | L101: 0 | M101: 0 | N101: 0 | O101: 0 | P101: 0 | Q101: 0 | R101: 0 | S101: 0 | T101: 0 | U101: 0 | V101: 0 | W101: 0 | X101: 0 | Y101: 0 | Z101: 0 | AA101: 0 | AB101: 0 | AC101: 0 | AD101: 0 | AE101: 0 | AF101: 0 | AG101: 0 | AH101: 0 | AI101: =SUM(D101:AH101) -> 0
A102: 2212002025 | B102: CABEZA DE CERDO PARTIDA | C102: KG | D102: 0 | E102: 0 | F102: 0 | G102: 0 | H102: 0 | I102: 0 | J102: 0 | K102: 0 | L102: 0 | M102: 0 | N102: 0 | O102: 0 | P102: 0 | Q102: 0 | R102: 0 | S102: 0 | T102: 0 | U102: 0 | V102: 0 | W102: 0 | X102: 0 | Y102: 0 | Z102: 0 | AA102: 0 | AB102: 0 | AC102: 0 | AD102: 0 | AE102: 0 | AF102: 0 | AG102: 0 | AH102: 0 | AI102: =SUM(D102:AH102) -> 0
A103: 2212002026 | B103: PATA DE CERDO PARTIDA EN CUARTOS | C103: KG | D103: 0 | E103: 0 | F103: 0 | G103: 0 | H103: 0 | I103: 0 | J103: 0 | K103: 0 | L103: 0 | M103: 0 | N103: 0 | O103: 0 | P103: 0 | Q103: 0 | R103: 0 | S103: 0 | T103: 0 | U103: 0 | V103: 0 | W103: 0 | X103: 0 | Y103: 0 | Z103: 0 | AA103: 0 | AB103: 0 | AC103: 0 | AD103: 0 | AE103: 0 | AF103: 0 | AG103: 0 | AH103: 0 | AI103: =SUM(D103:AH103) -> 0
A104: 2212002027 | B104: CHICHARRON DE CERDO | C104: KG | D104: 0 | E104: 0 | F104: 0 | G104: 0 | H104: 0 | I104: 0 | J104: 0 | K104: 0 | L104: 0 | M104: 0 | N104: 0 | O104: 0 | P104: 0 | Q104: 0 | R104: 0 | S104: 0 | T104: 0 | U104: 0 | V104: 0 | W104: 0 | X104: 0 | Y104: 0 | Z104: 0 | AA104: 0 | AB104: 0 | AC104: 0 | AD104: 0 | AE104: 0 | AF104: 0 | AG104: 0 | AH104: 0 | AI104: =SUM(D104:AH104) -> 0
A105: 2212002028 | B105: ESPALDA DE CERDO | C105: KG | D105: 0 | E105: 0 | F105: 0 | G105: 0 | H105: 0 | I105: 0 | J105: 0 | K105: 0 | L105: 0 | M105: 0 | N105: 0 | O105: 0 | P105: 0 | Q105: 0 | R105: 0 | S105: 0 | T105: 0 | U105: 0 | V105: 0 | W105: 0 | X105: 0 | Y105: 0 | Z105: 0 | AA105: 0 | AB105: 0 | AC105: 0 | AD105: 0 | AE105: 0 | AF105: 0 | AG105: 0 | AH105: 0 | AI105: =SUM(D105:AH105) -> 0
A106: 2212002030 | B106: BISTECK DE CERDO CORTE DE 150GR C/U | C106: KG | D106: 0 | E106: 0 | F106: 0 | G106: 0 | H106: 0 | I106: 0 | J106: 0 | K106: 0 | L106: 0 | M106: 0 | N106: 0 | O106: 0 | P106: 0 | Q106: 0 | R106: 0 | S106: 0 | T106: 0 | U106: 0 | V106: 0 | W106: 0 | X106: 0 | Y106: 0 | Z106: 0 | AA106: 0 | AB106: 0 | AC106: 0 | AD106: 0 | AE106: 0 | AF106: 0 | AG106: 0 | AH106: 0 | AI106: =SUM(D106:AH106) -> 0
A107: 2212002035 | B107: ESPINAZO DE CERDO DE LA PARTE DEL CENTRO | C107: KG | D107: 0 | E107: 0 | F107: 0 | G107: 0 | H107: 0 | I107: 0 | J107: 0 | K107: 0 | L107: 0 | M107: 0 | N107: 0 | O107: 0 | P107: 0 | Q107: 0 | R107: 0 | S107: 0 | T107: 0 | U107: 0 | V107: 0 | W107: 0 | X107: 0 | Y107: 0 | Z107: 0 | AA107: 0 | AB107: 0 | AC107: 0 | AD107: 0 | AE107: 0 | AF107: 0 | AG107: 0 | AH107: 0 | AI107: =SUM(D107:AH107) -> 0
A108: 2212002036 | B108: HUESO BLANCO DE CERDO PARA POZOLE | C108: KG | D108: 0 | E108: 0 | F108: 0 | G108: 0 | H108: 0 | I108: 0 | J108: 0 | K108: 0 | L108: 0 | M108: 0 | N108: 0 | O108: 0 | P108: 0 | Q108: 0 | R108: 0 | S108: 0 | T108: 0 | U108: 0 | V108: 0 | W108: 0 | X108: 0 | Y108: 0 | Z108: 0 | AA108: 0 | AB108: 0 | AC108: 0 | AD108: 0 | AE108: 0 | AF108: 0 | AG108: 0 | AH108: 0 | AI108: =SUM(D108:AH108) -> 0
... A111: 2212002046 | B111: LOMO MECHADO | C111: KG | D111: 0 | E111: 0 | F111: 0 | G111: 0 | H111: 0 | I111: 0 | J111: 0 | K111: 0 | L111: 0 | M111: 0 | N111: 0 | O111: 0 | P111: 0 | Q111: 0 | R111: 0 | S111: 0 | T111: 0 | U111: 0 | V111: 0 | W111: 0 | X111: 0 | Y111: 0 | Z111: 0 | AA111: 0 | AB111: 0 | AC111: 0 | AD111: 0 | AE111: 0 | AF111: 0 | AG111: 0 | AH111: 0 | AI111: =SUM(D111:AH111) -> 0
...

Sheet DIETOLOGÍA(S)
A1: CÓDIGO | B1: DESCRIPCIÓN | C1: UNIDAD DE MEDIDA | D1: 1 | E1: 2 | F1: 3 | G1: 4 | H1: 5 | I1: 6 | J1: 7 | K1: 8 | L1: 9 | M1: 10 | N1: 11 | O1: 12 | P1: 13 | Q1: 14 | R1: 15 | S1: 16 | T1: 17 | U1: 18 | V1: 19 | W1: 20 | X1: 21 | Y1: 22 | Z1: 23 | AA1: 24 | AB1: 25 | AC1: 26 | AD1: 27 | AE1: 28 | AF1: 29 | AG1: 30 | AH1: 31 | AI1: TOTAL
A3: GRUPO DE ALIMENTO: FRUTA
A4: 2212004001 | B4: CIRUELA ROJA | C4: KG | D4: 0 | E4: 0 | F4: 0 | G4: 0 | H4: 0 | I4: 0 | J4: 1 | K4: 0 | L4: 0 | M4: 0 | N4: 0 | O4: 0 | P4: 0 | Q4: 0 | R4: 0 | S4: 0 | T4: 0 | U4: 0 | V4: 0 | W4: 0 | X4: 1 | Y4: 0 | Z4: 0 | AA4: 0 | AB4: 0 | AC4: 0 | AD4: 0 | AE4: 0 | AF4: 0 | AG4: 0 | AH4: 0 | AI4: =SUM(D4:AH4) -> 2
A5: 2212004002 | B5: CAÑA DE AZUCAR | C5: PIEZA | D5: 0 | E5: 0 | F5: 0 | G5: 0 | H5: 0 | I5: 0 | J5: 0 | K5: 0 | L5: 0 | M5: 0 | N5: 0 | O5: 0 | P5: 0 | Q5: 0 | R5: 0 | S5: 0 | T5: 0 | U5: 0 | V5: 0 | W5: 0 | X5: 0 | Y5: 0 | Z5: 0 | AA5: 0 | AB5: 0 | AC5: 0 | AD5: 0 | AE5: 0 | AF5: 0 | AG5: 0 | AH5: 0 | AI5: =SUM(D5:AH5) -> 0
A6: 2212004003 | B6: CIRUELA AMARILLA | C6: KG | D6: 0 | E6: 0 | F6: 0 | G6: 0 | H6: 0 | I6: 0 | J6: 0 | K6: 0 | L6: 0 | M6: 0 | N6: 0 | O6: 0 | P6: 0 | Q6: 0 | R6: 0 | S6: 0 | T6: 0 | U6: 0 | V6: 0 | W6: 0 | X6: 0 | Y6: 0 | Z6: 0 | AA6: 0 | AB6: 0 | AC6: 0 | AD6: 0 | AE6: 0 | AF6: 0 | AG6: 0 | AH6: 0 | AI6: =SUM(D6:AH6) -> 0
A7: 2212004004 | B7: DURAZNO | C7: KG | D7: 0 | E7: 0 | F7: 0 | G7: 0 | H7: 0 | I7: 2 | J7: 1 | K7: 0 | L7: 0 | M7: 0 | N7: 0 | O7: 0 | P7: 1 | Q7: 0 | R7: 0 | S7: 0 | T7: 0 | U7: 0 | V7: 0 | W7: 1 | X7: 1 | Y7: 0 | Z7: 0 | AA7: 0 | AB7: 0 | AC7: 0 | AD7: 1 | AE7: 0 | AF7: 0 | AG7: 0 | AH7: 0 | AI7: =SUM(D7:AH7) -> 7
A8: 2212004005 | B8: FRESA | C8: KG | D8: 0 | E8: 0 | F8: 0 | G8: 0 | H8: 0 | I8: 1 | J8: 1 | K8: 0 | L8: 0 | M8: 0 | N8: 0 | O8: 0 | P8: 2 | Q8: 1 | R8: 0 | S8: 0 | T8: 0 | U8: 0 | V8: 0 | W8: 2 | X8: 1 | Y8: 0 | Z8: 0 | AA8: 0 | AB8: 0 | AC8: 0 | AD8: 2 | AE8: 1 | AF8: 0 | AG8: 0 | AH8: 0 | AI8: =SUM(D8:AH8) -> 11
A9: 2212004006 | B9: GUAYABA | C9: KG | D9: 0 | E9: 0 | F9: 0 | G9: 0 | H9: 0 | I9: 0 | J9: 1 | K9: 0 | L9: 0 | M9: 0 | N9: 0 | O9: 0 | P9: 0 | Q9: 1 | R9: 0 | S9: 0 | T9: 0 | U9: 0 | V9: 0 | W9: 0 | X9: 1 | Y9: 0 | Z9: 0 | AA9: 0 | AB9: 0 | AC9: 0 | AD9: 0 | AE9: 1 | AF9: 0 | AG9: 0 | AH9: 0 | AI9: =SUM(D9:AH9) -> 4
A10: 2212004007 | B10: JICAMA | C10: KG | D10: 0 | E10: 0 | F10: 0 | G10: 0 | H10: 0 | I10: 2 | J10: 2 | K10: 0 | L10: 0 | M10: 0 | N10: 0 | O10: 0 | P10: 2 | Q10: 2 | R10: 0 | S10: 0 | T10: 0 | U10: 0 | V10: 0 | W10: 2 | X10: 2 | Y10: 0 | Z10: 0 | AA10: 0 | AB10: 0 | AC10: 0 | AD10: 2 | AE10: 2 | AF10: 0 | AG10: 0 | AH10: 0 | AI10: =SUM(D10:AH10) -> 16
A11: 2212004008 | B11: LIMA | C11: KG | D11: 0 | E11: 0 | F11: 0 | G11: 0 | H11: 0 | I11: 0 | J11: 0 | K11: 0 | L11: 0 | M11: 0 | N11: 0 | O11: 0 | P11: 0 | Q11: 0 | R11: 0 | S11: 0 | T11: 0 | U11: 0 | V11: 0 | W11: 0 | X11: 0 | Y11: 0 | Z11: 0 | AA11: 0 | AB11: 0 | AC11: 0 | AD11: 0 | AE11: 0 | AF11: 0 | AG11: 0 | AH11: 0 | AI11: =SUM(D11:AH11) -> 0
A12: 2212004009 | B12: MANDARINA | C12: KG | D12: 0 | E12: 0 | F12: 0 | G12: 0 | H12: 0 | I12: 0 | J12: 2 | K12: 0 | L12: 0 | M12: 0 | N12: 0 | O12: 0 | P12: 0 | Q12: 2 | R12: 0 | S12: 0 | T12: 0 | U12: 0 | V12: 0 | W12: 0 | X12: 2 | Y12: 0 | Z12: 0 | AA12: 0 | AB12: 0 | AC12: 0 | AD12: 0 | AE12: 2 | AF12: 0 | AG12: 0 | AH12: 0 | AI12: =SUM(D12:AH12) -> 8
A13: 2212004011 | B13: MANZANA DELICIA | C13: KG | D13: 0 | E13: 10 | F13: 0 | G13: 10 | H13: 0 | I13: 12 | J13: 4 | K13: 10 | L13: 0 | M13: 10 | N13: 0 | O13: 0 | P13: 1 | Q13: 14 | R13: 0 | S13: 0 | T13: 10 | U13: 0 | V13: 0 | W13: 12 | X13: 4 | Y13: 0 | Z13: 10 | AA13: 0 | AB13: 0 | AC13: 10 | AD13: 1 | AE13: 4 | AF13: 10 | AG13: 0 | AH13: 0 | AI13: =SUM(D13:AH13) -> 132
A14: 2212004012 | B14: MANZANA GOLDEN | C14: KG | D14: 0 | E14: 0 | F14: 0 | G14: 0 | H14: 0 | I14: 0 | J14: 4 | K14: 0 | L14: 0 | M14: 0 | N14: 10 | O14: 0 | P14: 10 | Q14: 4 | R14: 0 | S14: 10 | T14: 0 | U14: 0 | V14: 10 | W14: 0 | X14: 4 | Y14: 10 | Z14: 0 | AA14: 0 | AB14: 10 | AC14: 0 | AD14: 0 | AE14: 14 | AF14: 0 | AG14: 0 | AH14: 10 | AI14: =SUM(D14:AH14) -> 96
A15: 2212004013 | B15: MELON CANTALUP | C15: KG | D15: 0 | E15: 0 | F15: 0 | G15: 0 | H15: 0 | I15: 2 | J15: 2 | K15: 0 | L15: 0 | M15: 0 | N15: 0 | O15: 0 | P15: 2 | Q15: 0 | R15: 0 | S15: 0 | T15: 0 | U15: 0 | V15: 0 | W15: 2 | X15: 2 | Y15: 0 | Z15: 0 | AA15: 0 | AB15: 0 | AC15: 0 | AD15: 2 | AE15: 0 | AF15: 0 | AG15: 0 | AH15: 0 | AI15: =SUM(D15:AH15) -> 12
... A34: 2212004038 | B34: GRANADA CHINA | C34: PIEZA | D34: 0 | E34: 0 | F34: 0 | G34: 0 | H34: 0 | I34: 0 | J34: 0 | K34: 0 | L34: 0 | M34: 0 | N34: 0 | O34: 0 | P34: 0 | Q34: 0 | R34: 0 | S34: 0 | T34: 0 | U34: 0 | V34: 0 | W34: 0 | X34: 0 | Y34: 0 | Z34: 0 | AA34: 0 | AB34: 0 | AC34: 0 | AD34: 0 | AE34: 0 | AF34: 0 | AG34: 0 | AH34: 0 | AI34: =SUM(D34:AH34) -> 0
A35: GRUPO DE ALIMENTO: VERDURA | AI35: =SUM(D35:AH35) -> 0
A36: 2212010003 | B36: CHILE JALAPEÑO | C36: KG | D36: 0 | E36: 0 | F36: 0 | G36: 0 | H36: 0 | I36: 1 | J36: 0 | K36: 0 | L36: 0 | M36: 0 | N36: 0 | O36: 0 | P36: 0 | Q36: 1 | R36: 0 | S36: 0 | T36: 0 | U36: 0 | V36: 0 | W36: 1 | X36: 0 | Y36: 0 | Z36: 0 | AA36: 0 | AB36: 0 | AC36: 0 | AD36: 0 | AE36: 0 | AF36: 0 | AG36: 0 | AH36: 0 | AI36: =SUM(D36:AH36) -> 3
A37: 2212010004 | B37: CHAMPIÑONES | C37: KG | D37: 0 | E37: 0 | F37: 0 | G37: 0 | H37: 0 | I37: 1 | J37: 1 | K37: 0 | L37: 0 | M37: 0 | N37: 0 | O37: 0 | P37: 1 | Q37: 1 | R37: 0 | S37: 0 | T37: 0 | U37: 0 | V37: 0 | W37: 1 | X37: 1 | Y37: 0 | Z37: 0 | AA37: 0 | AB37: 0 | AC37: 0 | AD37: 2 | AE37: 1 | AF37: 0 | AG37: 0 | AH37: 0 | AI37: =SUM(D37:AH37) -> 9
A38: 2212010005 | B38: TE DE LIMON | C38: MANOJO | D38: 0 | E38: 0 | F38: 0 | G38: 0 | H38: 0 | I38: 0 | J38: 0 | K38: 0 | L38: 0 | M38: 0 | N38: 0 | O38: 0 | P38: 0 | Q38: 0 | R38: 0 | S38: 0 | T38: 0 | U38: 0 | V38: 0 | W38: 0 | X38: 0 | Y38: 0 | Z38: 0 | AA38: 0 | AB38: 0 | AC38: 0 | AD38: 0 | AE38: 0 | AF38: 0 | AG38: 0 | AH38: 0 | AI38: =SUM(D38:AH38) -> 0
A39: 2212010006 | B39: TOMILLO FRESCO | C39: MANOJO | D39: 0 | E39: 0 | F39: 0 | G39: 0 | H39: 0 | I39: 0 | J39: 0 | K39: 0 | L39: 0 | M39: 0 | N39: 0 | O39: 0 | P39: 0 | Q39: 0 | R39: 0 | S39: 0 | T39: 0 | U39: 0 | V39: 0 | W39: 0 | X39: 0 | Y39: 0 | Z39: 0 | AA39: 0 | AB39: 0 | AC39: 0 | AD39: 0 | AE39: 0 | AF39: 0 | AG39: 0 | AH39: 0 | AI39: =SUM(D39:AH39) -> 0
A40: 2212010007 | B40: ACELGA | C40: MANOJO | D40: 0 | E40: 0 | F40: 0 | G40: 0 | H40: 0 | I40: 0 | J40: 1 | K40: 0 | L40: 0 | M40: 0 | N40: 0 | O40: 0 | P40: 0 | Q40: 1 | R40: 0 | S40: 0 | T40: 0 | U40: 0 | V40: 0 | W40: 0 | X40: 1 | Y40: 0 | Z40: 0 | AA40: 0 | AB40: 0 | AC40: 0 | AD40: 0 | AE40: 1 | AF40: 0 | AG40: 0 | AH40: 0 | AI40: =SUM(D40:AH40) -> 4
A41: 2212010008 | B41: AGUACATE | C41: KG | D41: 0 | E41: 0 | F41: 0 | G41: 0 | H41: 0 | I41: 3 | J41: 2 | K41: 0 | L41: 0 | M41: 0 | N41: 0 | O41: 0 | P41: 2 | Q41: 2 | R41: 0 | S41: 0 | T41: 0 | U41: 0 | V41: 0 | W41: 2 | X41: 2 | Y41: 0 | Z41: 0 | AA41: 0 | AB41: 0 | AC41: 0 | AD41: 2 | AE41: 2 | AF41: 0 | AG41: 0 | AH41: 0 | AI41: =SUM(D41:AH41) -> 17
A42: 2212010009 | B42: APIO | C42: KG | D42: 0 | E42: 0 | F42: 0 | G42: 0 | H42: 0 | I42: 0 | J42: 1 | K42: 0 | L42: 0 | M42: 0 | N42: 0 | O42: 0 | P42: 0 | Q42: 0 | R42: 0 | S42: 0 | T42: 0 | U42: 0 | V42: 0 | W42: 0 | X42: 0 | Y42: 0 | Z42: 0 | AA42: 0 | AB42: 0 | AC42: 0 | AD42: 0 | AE42: 1 | AF42: 0 | AG42: 0 | AH42: 0 | AI42: =SUM(D42:AH42) -> 2
A43: 2212010010 | B43: BETABEL | C43: MANOJO | D43: 0 | E43: 0 | F43: 0 | G43: 0 | H43: 0 | I43: 0 | J43: 1 | K43: 0 | L43: 0 | M43: 0 | N43: 0 | O43: 0 | P43: 0 | Q43: 0 | R43: 0 | S43: 0 | T43: 0 | U43: 0 | V43: 0 | W43: 0 | X43: 1 | Y43: 0 | Z43: 0 | AA43: 0 | AB43: 0 | AC43: 0 | AD43: 1 | AE43: 0 | AF43: 0 | AG43: 0 | AH43: 0 | AI43: =SUM(D43:AH43) -> 3
A44: 2212010011 | B44: BROCOLI | C44: KG | D44: 0 | E44: 0 | F44: 0 | G44: 0 | H44: 0 | I44: 1 | J44: 2 | K44: 0 | L44: 0 | M44: 0 | N44: 0 | O44: 0 | P44: 0 | Q44: 2 | R44: 0 | S44: 0 | T44: 0 | U44: 0 | V44: 0 | W44: 0 | X44: 2 | Y44: 0 | Z44: 0 | AA44: 0 | AB44: 0 | AC44: 0 | AD44: 1 | AE44: 2 | AF44: 0 | AG44: 0 | AH44: 0 | AI44: =SUM(D44:AH44) -> 10
A45: 2212010012 | B45: CALABACITA ITALIANA | C45: KG | D45: 0 | E45: 0 | F45: 0 | G45: 0 | H45: 0 | I45: 2 | J45: 1 | K45: 0 | L45: 0 | M45: 0 | N45: 0 | O45: 0 | P45: 1 | Q45: 1 | R45: 0 | S45: 0 | T45: 0 | U45: 0 | V45: 0 | W45: 1 | X45: 1 | Y45: 0 | Z45: 0 | AA45: 0 | AB45: 0 | AC45: 0 | AD45: 2 | AE45: 1 | AF45: 0 | AG45: 0 | AH45: 0 | AI45: =SUM(D45:AH45) -> 10
A46: 2212010013 | B46: CALABAZA DURA | C46: KG | D46: 0 | E46: 0 | F46: 0 | G46: 0 | H46: 0 | I46: 0 | J46: 0 | K46: 0 | L46: 0 | M46: 0 | N46: 0 | O46: 0 | P46: 0 | Q46: 0 | R46: 0 | S46: 0 | T46: 0 | U46: 0 | V46: 0 | W46: 0 | X46: 0 | Y46: 0 | Z46: 0 | AA46: 0 | AB46: 0 | AC46: 0 | AD46: 0 | AE46: 0 | AF46: 0 | AG46: 0 | AH46: 0 | AI46: =SUM(D46:AH46) -> 0
A47: 2212010014 | B47: CAMOTE AMARILLO | C47: KG | D47: 0 | E47: 0 | F47: 0 | G47: 0 | H47: 0 | I47: 0 | J47: 0 | K47: 0 | L47: 0 | M47: 0 | N47: 0 | O47: 0 | P47: 0 | Q47: 2 | R47: 0 | S47: 0 | T47: 0 | U47: 0 | V47: 0 | W47: 0 | X47: 0 | Y47: 0 | Z47: 0 | AA47: 0 | AB47: 0 | AC47: 0 | AD47: 0 | AE47: 2 | AF47: 0 | AG47: 0 | AH47: 0 | AI47: =SUM(D47:AH47) -> 4
... A89: 2212004040 | B89: RABANO CHAMPION SIN RABO | C89: KG | D89: 0 | E89: 0 | F89: 0 | G89: 0 | H89: 0 | I89: 0 | J89: 0 | K89: 0 | L89: 0 | M89: 0 | N89: 0 | O89: 0 | P89: 0 | Q89: 0 | R89: 0 | S89: 0 | T89: 0 | U89: 0 | V89: 0 | W89: 0 | X89: 0 | Y89: 0 | Z89: 0 | AA89: 0 | AB89: 0 | AC89: 0 | AD89: 0 | AE89: 0 | AF89: 0 | AG89: 0 | AH89: 0 | AI89: =SUM(D89:AH89) -> 0
A90: GRUPO DE ALIMENTO: CERDO | AI90: =SUM(D90:AH90) -> 0
A91: 2212002001 | B91: FAJITAS DE CERDO | C91: KG | D91: 0 | E91: 0 | F91: 0 | G91: 0 | H91: 0 | I91: 1 | J91: 0 | K91: 0 | L91: 0 | M91: 0 | N91: 0 | O91: 0 | P91: 0 | Q91: 0 | R91: 0 | S91: 0 | T91: 0 | U91: 0 | V91: 0 | W91: 1 | X91: 0 | Y91: 0 | Z91: 0 | AA91: 0 | AB91: 0 | AC91: 0 | AD91: 0 | AE91: 0 | AF91: 0 | AG91: 0 | AH91: 0 | AI91: =SUM(D91:AH91) -> 2
A92: 2212002004 | B92: CARNAZA DE CERDO EN TROZO | C92: KG | D92: 0 | E92: 0 | F92: 0 | G92: 0 | H92: 0 | I92: 0 | J92: 0 | K92: 0 | L92: 0 | M92: 0 | N92: 0 | O92: 0 | P92: 0 | Q92: 2 | R92: 0 | S92: 0 | T92: 0 | U92: 0 | V92: 0 | W92: 0 | X92: 0 | Y92: 0 | Z92: 0 | AA92: 0 | AB92: 0 | AC92: 0 | AD92: 0 | AE92: 2 | AF92: 0 | AG92: 0 | AH92: 0 | AI92: =SUM(D92:AH92) -> 4
A93: 2212002007 | B93: CARNE MOLIDA DE CERDO POCA GRASA | C93: KG | D93: 0 | E93: 0 | F93: 0 | G93: 0 | H93: 0 | I93: 1 | J93: 2 | K93: 0 | L93: 0 | M93: 0 | N93: 0 | O93: 0 | P93: 0 | Q93: 0 | R93: 0 | S93: 0 | T93: 0 | U93: 0 | V93: 0 | W93: 1 | X93: 0 | Y93: 0 | Z93: 0 | AA93: 0 | AB93: 0 | AC93: 0 | AD93: 0 | AE93: 0 | AF93: 0 | AG93: 0 | AH93: 0 | AI93: =SUM(D93:AH93) -> 4
A94: 2212002009 | B94: CHAMORRO DE CERDO PARTIDO | C94: KG | D94: 0 | E94: 0 | F94: 0 | G94: 0 | H94: 0 | I94: 0 | J94: 0 | K94: 0 | L94: 0 | M94: 0 | N94: 0 | O94: 0 | P94: 0 | Q94: 0 | R94: 0 | S94: 0 | T94: 0 | U94: 0 | V94: 0 | W94: 0 | X94: 0 | Y94: 0 | Z94: 0 | AA94: 0 | AB94: 0 | AC94: 0 | AD94: 0 | AE94: 0 | AF94: 0 | AG94: 0 | AH94: 0 | AI94: =SUM(D94:AH94) -> 0
A95: 2212002010 | B95: CHULETA DE CERDO AHUMADA CORTE DE 120GR C/U | C95: KG | D95: 0 | E95: 0 | F95: 0 | G95: 0 | H95: 0 | I95: 0 | J95: 0 | K95: 0 | L95: 0 | M95: 0 | N95: 0 | O95: 0 | P95: 0 | Q95: 2 | R95: 0 | S95: 0 | T95: 0 | U95: 0 | V95: 0 | W95: 0 | X95: 0 | Y95: 0 | Z95: 0 | AA95: 0 | AB95: 0 | AC95: 0 | AD95: 0 | AE95: 0 | AF95: 0 | AG95: 0 | AH95: 0 | AI95: =SUM(D95:AH95) -> 2
A96: 2212002011 | B96: COSTILLA DE CERDO EN TROCITO | C96: KG | D96: 0 | E96: 0 | F96: 0 | G96: 0 | H96: 0 | I96: 0 | J96: 2 | K96: 0 | L96: 0 | M96: 0 | N96: 0 | O96: 0 | P96: 1 | Q96: 0 | R96: 0 | S96: 0 | T96: 0 | U96: 0 | V96: 0 | W96: 0 | X96: 2 | Y96: 0 | Z96: 0 | AA96: 0 | AB96: 0 | AC96: 0 | AD96: 1 | AE96: 0 | AF96: 0 | AG96: 0 | AH96: 0 | AI96: =SUM(D96:AH96) -> 6
A97: 2212002014 | B97: LOMO DE CERDO | C97: KG | D97: 0 | E97: 0 | F97: 0 | G97: 0 | H97: 0 | I97: 0 | J97: 0 | K97: 0 | L97: 0 | M97: 0 | N97: 0 | O97: 0 | P97: 0 | Q97: 2 | R97: 0 | S97: 0 | T97: 0 | U97: 0 | V97: 0 | W97: 0 | X97: 0 | Y97: 0 | Z97: 0 | AA97: 0 | AB97: 0 | AC97: 0 | AD97: 0 | AE97: 0 | AF97: 0 | AG97: 0 | AH97: 0 | AI97: =SUM(D97:AH97) -> 2
A98: 2212002016 | B98: MILANESA DE CERDO | C98: KG | D98: 0 | E98: 0 | F98: 0 | G98: 0 | H98: 0 | I98: 0 | J98: 2 | K98: 0 | L98: 0 | M98: 0 | N98: 0 | O98: 0 | P98: 0 | Q98: 0 | R98: 0 | S98: 0 | T98: 0 | U98: 0 | V98: 0 | W98: 0 | X98: 0 | Y98: 0 | Z98: 0 | AA98: 0 | AB98: 0 | AC98: 0 | AD98: 0 | AE98: 0 | AF98: 0 | AG98: 0 | AH98: 0 | AI98: =SUM(D98:AH98) -> 2
A99: 2212002018 | B99: PIERNA DE CERDO EN TROZO CORTE DE 3 KILOS | C99: KG | D99: 0 | E99: 0 | F99: 0 | G99: 0 | H99: 0 | I99: 0 | J99: 0 | K99: 0 | L99: 0 | M99: 0 | N99: 0 | O99: 0 | P99: 0 | Q99: 0 | R99: 0 | S99: 0 | T99: 0 | U99: 0 | V99: 0 | W99: 0 | X99: 0 | Y99: 0 | Z99: 0 | AA99: 0 | AB99: 0 | AC99: 0 | AD99: 0 | AE99: 0 | AF99: 0 | AG99: 0 | AH99: 0 | AI99: =SUM(D99:AH99) -> 0
A100: 2212002022 | B100: PIERNA DE CERDO EN TROCITO | C100: KG | D100: 0 | E100: 0 | F100: 0 | G100: 0 | H100: 0 | I100: 1 | J100: 0 | K100: 0 | L100: 0 | M100: 0 | N100: 0 | O100: 0 | P100: 0 | Q100: 0 | R100: 0 | S100: 0 | T100: 0 | U100: 0 | V100: 0 | W100: 0 | X100: 0 | Y100: 0 | Z100: 0 | AA100: 0 | AB100: 0 | AC100: 0 | AD100: 0 | AE100: 0 | AF100: 0 | AG100: 0 | AH100: 0 | AI100: =SUM(D100:AH100) -> 1
A101: 2212002023 | B101: CARNITAS | C101: KG | D101: 0 | E101: 0 | F101: 0 | G101: 0 | H101: 0 | I101: 0 | J101: 0 | K101: 0 | L101: 0 | M101: 0 | N101: 0 | O101: 0 | P101: 0 | Q101: 0 | R101: 0 | S101: 0 | T101: 0 | U101: 0 | V101: 0 | W101: 0 | X101: 0 | Y101: 0 | Z101: 0 | AA101: 0 | AB101: 0 | AC101: 0 | AD101: 0 | AE101: 0 | AF101: 0 | AG101: 0 | AH101: 0 | AI101: =SUM(D101:AH101) -> 0
A102: 2212002025 | B102: CABEZA DE CERDO PARTIDA | C102: KG | D102: 0 | E102: 0 | F102: 0 | G102: 0 | H102: 0 | I102: 0 | J102: 0 | K102: 0 | L102: 0 | M102: 0 | N102: 0 | O102: 0 | P102: 0 | Q102: 0 | R102: 0 | S102: 0 | T102: 0 | U102: 0 | V102: 0 | W102: 0 | X102: 0 | Y102: 0 | Z102: 0 | AA102: 0 | AB102: 0 | AC102: 0 | AD102: 0 | AE102: 0 | AF102: 0 | AG102: 0 | AH102: 0 | AI102: =SUM(D102:AH102) -> 0
... A111: 2212002046 | B111: LOMO MECHADO | C111: KG | D111: 0 | E111: 0 | F111: 0 | G111: 0 | H111: 0 | I111: 0 | J111: 0 | K111: 0 | L111: 0 | M111: 0 | N111: 0 | O111: 0 | P111: 0 | Q111: 0 | R111: 0 | S111: 0 | T111: 0 | U111: 0 | V111: 0 | W111: 0 | X111: 0 | Y111: 0 | Z111: 0 | AA111: 0 | AB111: 0 | AC111: 0 | AD111: 0 | AE111: 0 | AF111: 0 | AG111: 0 | AH111: 0 | AI111: =SUM(D111:AH111) -> 0
A112: GRUPO DE ALIMENTO: RES | AI112: =SUM(D112:AH112) -> 0
A113: 2212002003 | B113: BISTECK DE RES AGUAYON PARA BROCHETA | C113: KG | D113: 0 | E113: 0 | F113: 0 | G113: 0 | H113: 0 | I113: 0 | J113: 2 | K113: 0 | L113: 0 | M113: 0 | N113: 0 | O113: 0 | P113: 0 | Q113: 0 | R113: 0 | S113: 0 | T113: 0 | U113: 0 | V113: 0 | W113: 0 | X113: 2 | Y113: 0 | Z113: 0 | AA113: 0 | AB113: 0 | AC113: 0 | AD113: 0 | AE113: 0 | AF113: 0 | AG113: 0 | AH113: 0 | AI113: =SUM(D113:AH113) -> 4
A114: 2212002005 | B114: CARNE DE RES PARA COCIDO CON PLATANO Y POCO HUESO | C114: KG | D114: 0 | E114: 0 | F114: 0 | G114: 0 | H114: 0 | I114: 0 | J114: 0 | K114: 0 | L114: 0 | M114: 0 | N114: 0 | O114: 0 | P114: 0 | Q114: 2 | R114: 0 | S114: 0 | T114: 0 | U114: 0 | V114: 0 | W114: 0 | X114: 0 | Y114: 0 | Z114: 0 | AA114: 0 | AB114: 0 | AC114: 0 | AD114: 0 | AE114: 2 | AF114: 0 | AG114: 0 | AH114: 0 | AI114: =SUM(D114:AH114) -> 4
A115: 2212002006 | B115: CARNE DE RES PARA DESHEBRAR CORTE DE KILO | C115: KG | D115: 0 | E115: 0 | F115: 0 | G115: 0 | H115: 0 | I115: 1 | J115: 1 | K115: 0 | L115: 0 | M115: 0 | N115: 0 | O115: 0 | P115: 0 | Q115: 0 | R115: 0 | S115: 0 | T115: 0 | U115: 0 | V115: 0 | W115: 0 | X115: 0 | Y115: 0 | Z115: 0 | AA115: 0 | AB115: 0 | AC115: 0 | AD115: 0 | AE115: 0 | AF115: 0 | AG115: 0 | AH115: 0 | AI115: =SUM(D115:AH115) -> 2
A116: 2212002008 | B116: CARNE MOLIDA DE RES POCA GRASA | C116: KG | D116: 0 | E116: 0 | F116: 0 | G116: 0 | H116: 0 | I116: 0 | J116: 2 | K116: 0 | L116: 0 | M116: 0 | N116: 0 | O116: 0 | P116: 1 | Q116: 0 | R116: 0 | S116: 0 | T116: 0 | U116: 0 | V116: 0 | W116: 0 | X116: 0 | Y116: 0 | Z116: 0 | AA116: 0 | AB116: 0 | AC116: 0 | AD116: 0 | AE116: 0 | AF116: 0 | AG116: 0 | AH116: 0 | AI116: =SUM(D116:AH116) -> 3
A117: 2212002012 | B117: CUETE DE RES EN TROCITO | C117: KG | D117: 0 | E117: 0 | F117: 0 | G117: 0 | H117: 0 | I117: 0 | J117: 0 | K117: 0 | L117: 0 | M117: 0 | N117: 0 | O117: 0 | P117: 0 | Q117: 0 | R117: 0 | S117: 0 | T117: 0 | U117: 0 | V117: 0 | W117: 0 | X117: 0 | Y117: 0 | Z117: 0 | AA117: 0 | AB117: 0 | AC117: 0 | AD117: 0 | AE117: 2 | AF117: 0 | AG117: 0 | AH117: 0 | AI117: =SUM(D117:AH117) -> 2
A118: 2212002013 | B118: FAJITAS DE RES | C118: KG | D118: 0 | E118: 0 | F118: 0 | G118: 0 | H118: 0 | I118: 1 | J118: 0 | K118: 0 | L118: 0 | M118: 0 | N118: 0 | O118: 0 | P118: 0 | Q118: 2 | R118: 0 | S118: 0 | T118: 0 | U118: 0 | V118: 0 | W118: 1 | X118: 0 | Y118: 0 | Z118: 0 | AA118: 0 | AB118: 0 | AC118: 0 | AD118: 0 | AE118: 0 | AF118: 0 | AG118: 0 | AH118: 0 | AI118: =SUM(D118:AH118) -> 4
A119: 2212002015 | B119: MENUDO DE RES | C119: KG | D119: 0 | E119: 0 | F119: 0 | G119: 0 | H119: 0 | I119: 0 | J119: 0 | K119: 0 | L119: 0 | M119: 0 | N119: 0 | O119: 0 | P119: 0 | Q119: 0 | R119: 0 | S119: 0 | T119: 0 | U119: 0 | V119: 0 | W119: 0 | X119: 0 | Y119: 0 | Z119: 0 | AA119: 0 | AB119: 0 | AC119: 0 | AD119: 0 | AE119: 0 | AF119: 0 | AG119: 0 | AH119: 0 | AI119: =SUM(D119:AH119) -> 0
A120: 2212002019 | B120: BISTECK DE RES BOLA | C120: KG | D120: 0 | E120: 0 | F120: 0 | G120: 0 | H120: 0 | I120: 0 | J120: 0 | K120: 0 | L120: 0 | M120: 0 | N120: 0 | O120: 0 | P120: 0 | Q120: 2 | R120: 0 | S120: 0 | T120: 0 | U120: 0 | V120: 0 | W120: 0 | X120: 0 | Y120: 0 | Z120: 0 | AA120: 0 | AB120: 0 | AC120: 0 | AD120: 1 | AE120: 2 | AF120: 0 | AG120: 0 | AH120: 0 | AI120: =SUM(D120:AH120) -> 5
A121: 2212002020 | B121: COSTILLA DE RES CARGADA | C121: KG | D121: 0 | E121: 0 | F121: 0 | G121: 0 | H121: 0 | I121: 0 | J121: 0 | K121: 0 | L121: 0 | M121: 0 | N121: 0 | O121: 0 | P121: 0 | Q121: 2 | R121: 0 | S121: 0 | T121: 0 | U121: 0 | V121: 0 | W121: 0 | X121: 0 | Y121: 0 | Z121: 0 | AA121: 0 | AB121: 0 | AC121: 0 | AD121: 0 | AE121: 0 | AF121: 0 | AG121: 0 | AH121: 0 | AI121: =SUM(D121:AH121) -> 2
A122: 2212002021 | B122: FALDA DE RES EN TROZO | C122: KG | D122: 0 | E122: 0 | F122: 0 | G122: 0 | H122: 0 | I122: 0 | J122: 0 | K122: 0 | L122: 0 | M122: 0 | N122: 0 | O122: 0 | P122: 0 | Q122: 0 | R122: 0 | S122: 0 | T122: 0 | U122: 0 | V122: 0 | W122: 0 | X122: 1 | Y122: 0 | Z122: 0 | AA122: 0 | AB122: 0 | AC122: 0 | AD122: 0 | AE122: 0 | AF122: 0 | AG122: 0 | AH122: 0 | AI122: =SUM(D122:AH122) -> 1
A123: 2212002024 | B123: CHAMBERETE DE RES | C123: KG | D123: 0 | E123: 0 | F123: 0 | G123: 0 | H123: 0 | I123: 0 | J123: 0 | K123: 0 | L123: 0 | M123: 0 | N123: 0 | O123: 0 | P123: 0 | Q123: 3 | R123: 0 | S123: 0 | T123: 0 | U123: 0 | V123: 0 | W123: 0 | X123: 0 | Y123: 0 | Z123: 0 | AA123: 0 | AB123: 0 | AC123: 0 | AD123: 0 | AE123: 0 | AF123: 0 | AG123: 0 | AH123: 0 | AI123: =SUM(D123:AH123) -> 3
A124: 2212002032 | B124: CHULETA DE RES CORTE DE 200GR C/U | C124: KG | D124: 0 | E124: 0 | F124: 0 | G124: 0 | H124: 0 | I124: 0 | J124: 0 | K124: 0 | L124: 0 | M124: 0 | N124: 0 | O124: 0 | P124: 0 | Q124: 0 | R124: 0 | S124: 0 | T124: 0 | U124: 0 | V124: 0 | W124: 0 | X124: 0 | Y124: 0 | Z124: 0 | AA124: 0 | AB124: 0 | AC124: 0 | AD124: 0 | AE124: 0 | AF124: 0 | AG124: 0 | AH124: 0 | AI124: =SUM(D124:AH124) -> 0
... A131: 2212002044 | B131: TERNERA CON HUESO | C131: KG | D131: 0 | E131: 0 | F131: 0 | G131: 0 | H131: 0 | I131: 0 | J131: 0 | K131: 0 | L131: 0 | M131: 0 | N131: 0 | O131: 0 | P131: 0 | Q131: 0 | R131: 0 | S131: 0 | T131: 0 | U131: 0 | V131: 0 | W131: 0 | X131: 0 | Y131: 0 | Z131: 0 | AA131: 0 | AB131: 0 | AC131: 0 | AD131: 0 | AE131: 0 | AF131: 0 | AG131: 0 | AH131: 0 | AI131: =SUM(D131:AH131) -> 0
A132: GRUPO DE ALIMENTO: POLLO | AI132: =SUM(D132:AH132) -> 0
A133: 2212006001 | B133: PECHUGA DE POLLO EN FAJITAS | C133: KG | D133: 0 | E133: 0 | F133: 0 | G133: 0 | H133: 0 | I133: 1 | J133: 0 | K133: 0 | L133: 0 | M133: 0 | N133: 0 | O133: 0 | P133: 0 | Q133: 0 | R133: 0 | S133: 0 | T133: 0 | U133: 0 | V133: 0 | W133: 0 | X133: 0 | Y133: 0 | Z133: 0 | AA133: 0 | AB133: 0 | AC133: 0 | AD133: 1 | AE133: 0 | AF133: 0 | AG133: 0 | AH133: 0 | AI133: =SUM(D133:AH133) -> 2
A134: 2212006003 | B134: POLLO PARTIDO EN 8 PIGMENTADO SIN PIEL PESCUEZO Y MOLLEJAS | C134: KG | D134: 0 | E134: 0 | F134: 0 | G134: 0 | H134: 0 | I134: 0 | J134: 0 | K134: 0 | L134: 0 | M134: 0 | N134: 0 | O134: 0 | P134: 0 | Q134: 0 | R134: 0 | S134: 0 | T134: 0 | U134: 0 | V134: 0 | W134: 0 | X134: 2 | Y134: 0 | Z134: 0 | AA134: 0 | AB134: 0 | AC134: 0 | AD134: 0 | AE134: 0 | AF134: 0 | AG134: 0 | AH134: 0 | AI134: =SUM(D134:AH134) -> 2
A135: 2212006004 | B135: HUEVO KILO | C135: KG | D135: 0 | E135: 0 | F135: 0 | G135: 0 | H135: 0 | I135: 3 | J135: 7 | K135: 0 | L135: 0 | M135: 0 | N135: 0 | O135: 0 | P135: 3 | Q135: 7 | R135: 0 | S135: 0 | T135: 0 | U135: 0 | V135: 0 | W135: 3 | X135: 7 | Y135: 0 | Z135: 0 | AA135: 0 | AB135: 0 | AC135: 0 | AD135: 3 | AE135: 7 | AF135: 0 | AG135: 0 | AH135: 0 | AI135: =SUM(D135:AH135) -> 40
